,p_x,p_y,p_z,v_x,v_y,v_z,a_x,a_y,a_z
0,0.16650386637081172,-0.07661450325188834,-0.005437934612711137,-3.081482597209908e-06,0.000251519199848904,0.0004217579053298227,-0.06567390926199682,0.048784876255826004,0.014057341792798921
1,0.16651839428620518,-0.07658819767091707,-0.005455880041353556,-0.0002471477951566302,0.0012941684907708246,1.7171022474949523e-05,-0.050878120245457396,0.06675692650955746,-0.0047892985243292155
2,0.1664988616279598,-0.07658829633995023,-0.0054375868995060195,-0.0010333634175677222,0.0016033469616674426,0.0003247746102121561,-0.05888237376827639,0.056819624070083875,0.005487897645606317
3,0.16649746867699944,-0.0765557298949433,-0.00544930335549676,-0.001439515863964227,0.002444765878190023,0.00012830094979847745,-0.05402670345864184,0.06290345875802435,-0.0007750087571311515
4,0.16646971143171452,-0.07653878983091689,-0.0054349888052726,-0.0021274041626052195,0.0028771420015174356,0.0003090806828802503,-0.05720018533660875,0.05882887102440618,0.003336077059743428
5,0.16645438874270668,-0.07649746776941257,-0.0054430444716684345,-0.002597819617030554,0.0036360505164342483,0.00019585651025828187,-0.05499898771029559,0.06163606674183161,0.0004802271264012989
6,0.16641710558446965,-0.0764651598079591,-0.00543102271093987,-0.0032411336637387053,0.004125272353039526,0.0003188052821898766,-0.05658146867456258,0.05950787131314315,0.002546231985100142
7,0.16638875578601597,-0.07641393100426352,-0.0054365886647040895,-0.0037435943576904465,0.004841084910525397,0.00024741770795655974,-0.05539176736346434,0.06104996388035148,0.0009954415617594021
8,0.16634129779872642,-0.07636712783852095,-0.00542601250235375,-0.004362816952848858,0.005361534121616643,0.00033896297381550447,-0.05629584581028069,0.0597422206723133,0.002188271987566203
9,0.16630040874272078,-0.07630535993830079,-0.0054297246644843256,-0.0048835852353486305,0.0060508648791397415,0.00029173021570477536,-0.05557524864085093,0.06069150918029812,0.0012442877552878966
10,0.1662424051977106,-0.07624459782471837,-0.005420104965485728,-0.00548821573782609,0.00659053718251768,0.0003641598008600844,-0.05614070779048989,0.059782124141553254,0.0020021294631165118
11,0.1661892723740298,-0.0761719015603548,-0.005422350428516909,-0.006020434568106051,0.007261452893006195,0.0003322733373328847,-0.05566715018252068,0.06041459154696708,0.0013782482575836028
12,0.16612049139770646,-0.076097553403635,-0.005413376430404737,-0.006615475529022133,0.007813932661343764,0.00039206932807615233,-0.05604424978306318,0.05971717832243649,0.0018952515441135887
13,0.1660553089945671,-0.0760136694239626,-0.005414411024623367,-0.00715533062621308,0.008470725754035534,0.0003706521811011849,-0.055713033446922286,0.06016225873561259,0.00145615693798819
14,0.16597559595252565,-0.07592602120711578,-0.005405870723737438,-0.00774366445632231,0.009032218400739919,0.0004215565060704132,-0.05597654101943893,0.05958501293716038,0.0018289686196986635
15,0.16589849978932658,-0.07583076700134761,-0.005405874505375441,-0.008288855581856719,0.009677322266013031,0.00040768879565008284,-0.05573309956229897,0.05990917372851285,0.001504168781468758
16,0.16580774662699305,-0.07573005543122902,-0.005397615025625524,-0.008872259722458864,0.010245379168742304,0.00045201592389515553,-0.0559235606622887,0.05940337742936079,0.0017851467444434735
17,0.1657188365299468,-0.07562329807318058,-0.005396721182916564,-0.009421307685268065,0.010880240658957588,0.0004438380172250632,-0.05573724578194998,0.059642934545871086,0.0015351322181979164
18,0.16561696514636637,-0.07550973055788512,-0.0053886273057767164,-0.010000938949543351,0.011453148593296193,0.00048310235131366334,-0.055878132449284426,0.05918142371726623,0.001754507022418363
19,0.16551631751621854,-0.07539137181416633,-0.005386938360302462,-0.010552839867366074,0.012078664489232229,0.000479366784429035,-0.055730703484889746,0.05935703881249362,0.00155586213032
20,0.1654032701390522,-0.07526513760197817,-0.0053789201283920285,-0.011129485695112368,0.012655128629249189,0.0005146085594526433,-0.055836317678566186,0.05892421711015519,0.0017319679965812043
21,0.1652909454308925,-0.07513510545942403,-0.005376517536973546,-0.01168352530035704,0.013271879885712871,0.0005144391363598044,-0.05571640419949775,0.05904791905315225,0.0015701974429145585
22,0.16516667875171998,-0.07499638203429249,-0.0053685027358807424,-0.012257742880152198,0.013850848990075522,0.0005464050576716632,-0.05579582837436733,0.058634728114187136,0.001714593579209565
23,0.16504272613756943,-0.074854625767375,-0.005365452834555695,-0.012813390824937978,0.014459233130025161,0.0005491596563387981,-0.0556960652840655,0.05871357741466077,0.0015804059645071853
24,0.16490720758751498,-0.07470358256340948,-0.005357382252839882,-0.013385588202154524,0.015039798932722403,0.0005784082784529337,-0.05575527108587049,0.058314785011810935,0.0017006139470783365
25,0.1647716679764758,-0.07455006983898738,-0.005353740066917023,-0.013942435064426856,0.015640107526514332,0.0005835970887671344,-0.055670725441392344,0.05835290962740275,0.0015878779657463966
26,0.16462487327746034,-0.07438687038599756,-0.005345564411792347,-0.01451292039234272,0.01622144535267731,0.0006105628072592982,-0.05571376200989253,0.05796556088894025,0.0016889268045715369
27,0.16447778133853086,-0.07422158557059566,-0.005341376170070022,-0.01507063874512718,0.016813910134515372,0.000617797856559708,-0.05564102519012447,0.0579653487917712,0.0015934897772580776
28,0.1643196928428715,-0.07404638870577362,-0.005333054005197013,-0.01563965115244274,0.017395243665710675,0.0006428309752487743,-0.05567072005411162,0.05758783738806927,0.0016788289369330381
29,0.1641610784026939,-0.07386933188636502,-0.005328358842821235,-0.01619797082622294,0.017980063841623775,0.0006517941425326021,-0.05560736150201972,0.05755066718103933,0.0015978043696001417
30,0.1639916839336405,-0.07368229241298074,-0.005319855173810728,-0.01676570022285864,0.01856064467612672,0.0006751865137331771,-0.05562575009243791,0.05718215521803297,0.00166986466680344
31,0.163821572973181,-0.07349347883167345,-0.005314686315918138,-0.017324392265594808,0.019138002484788943,0.0006856089020353717,-0.0555699769222103,0.05710886013460602,0.0016011870436119942
32,0.1636408649902622,-0.07329474786266377,-0.005305971593544512,-0.017890992255533398,0.019717099093852494,0.00070761055136632,-0.05557857435231628,0.056748904404630214,0.0016617366337806014
33,0.16345928038000646,-0.07309420757502294,-0.00530035720225297,-0.018449858396229212,0.020287167798982705,0.0007192590688694289,-0.055529013046453295,0.05664007468370036,0.0016038749195122696
34,0.16326725535773856,-0.07288393271473437,-0.005291406597399906,-0.019015454769724077,0.020864060606197426,0.0007400890184864435,-0.05552899049151356,0.0562883810095002,0.0016542512000780544
35,0.16307421742091954,-0.07267171034774744,-0.005285370399628619,-0.01957432045368236,0.021427007514425084,0.0007527576556710095,-0.05548454375965923,0.05614456344732917,0.0016060201962372548
36,0.1628708753685515,-0.07245003581256726,-0.005276163254872568,-0.020139016780857177,0.02200098801600584,0.0007726109274602479,-0.055476845128209815,0.05580082454380931,0.001647283869099955
37,0.16266640233110718,-0.07222619034042332,-0.005269725028347549,-0.02069772656752861,0.022556974211437222,0.0007861151540202836,-0.055436596661285295,0.05562265342676831,0.001607718045468608
38,0.16245174640555904,-0.07199325708478566,-0.005260244423003657,-0.021261607863248204,0.0231273467478979,0.0008051672178809872,-0.05542201654175572,0.05528644378701938,0.0016407566176007422
39,0.1622358547718764,-0.07175786156877839,-0.005253420392185459,-0.021820022402499164,0.023676524698124365,0.0008193404755266986,-0.055385167247220916,0.05507472388408448,0.0016090251747113032
40,0.16200989095190843,-0.07151380745964864,-0.0052436527783742415,-0.022383157500004427,0.02424260990655061,0.0008377499776688911,-0.05536440306936214,0.05474543536702251,0.0016346225918336087
41,0.16178259583250132,-0.07126694871817074,-0.005236455955137664,-0.022941151564653747,0.02478511976430657,0.0008524415830113292,-0.05533022865037302,0.05450119002109763,0.0016099725487809552
42,0.1615453326327242,-0.07101190878442143,-0.005226390836318262,-0.02350359463017448,0.025346259004477838,0.0008703519217817054,-0.05530391509800974,0.054177997577875316,0.0016288554550950853
43,0.16130664804124029,-0.07075368697333007,-0.005218831328721585,-0.024061055845388445,0.025882224215258546,0.0008854259059770047,-0.05527173843961201,0.053902490547858894,0.0016105743598509028
44,0.16105809625185508,-0.07048779374406244,-0.005208460961722228,-0.024622847333576624,0.02643778443807198,0.0009029660525686862,-0.05524046939938351,0.05358434097566698,0.0016234418055159924
45,0.16080803538273536,-0.07021832183845911,-0.005200546266157069,-0.02517967535072596,0.026967307120015802,0.0009183006025387035,-0.055209643518897795,0.0532790779889043,0.001610834478489246
46,0.16054820782600288,-0.06994170577488212,-0.005189865374520819,-0.025740842614834305,0.027516685767347292,0.0009355854507580935,-0.055173985092797036,0.05296469654580868,0.0016183756793999402
47,0.16028678331978496,-0.06966110895167033,-0.0051816006607792175,-0.0262969485488551,0.028039842225068428,0.0009510727100465523,-0.05514388368676398,0.052631411099691154,0.0016107511851955643
48,0.16001569461788856,-0.06937389896982449,-0.005170606152142376,-0.026857506259491275,0.02858247184211604,0.0009682031622583036,-0.05510438070490322,0.05231932201842847,0.0016136544727231453
49,0.15974291881803027,-0.06908231389686748,-0.005161994546743487,-0.02741281225812939,0.029099308495941605,0.000983749213119196,-0.05507439424629588,0.051959948915626886,0.001610320653262404
50,0.15946058516966144,-0.06878463797278167,-0.005150685230576713,-0.027972762742978767,0.029634660807657483,0.0010008121554868673,-0.05503157206357069,0.0516485066258976,0.0016092759743125387
51,0.15917647037248495,-0.06848221201551241,-0.005141728100594878,-0.028527201592416698,0.03014519075511603,0.001016337051599025,-0.05500110792850341,0.05126514623496268,0.0016095395127288512
52,0.158882909337415,-0.06817419785999057,-0.005130104405281832,-0.02908653517853096,0.030672780018915477,0.0010334053306196266,-0.05495547079579146,0.0509525745353348,0.0016052361776861493
53,0.1585874680351197,-0.06786108822012937,-0.00512080164264983,-0.029640049876031475,0.03117698038945656,0.0010488430841971695,-0.05492395624983542,0.050547450365522544,0.0016084067098560305
54,0.15828269832742536,-0.06754286400710408,-0.00510886533282684,-0.03019874529259013,0.03169636588881731,0.0010659755664942112,-0.05487598332700745,0.05023188706871327,0.001601527729955794
55,0.15797594344294474,-0.06721923681088082,-0.005099215637428323,-0.030751288538403376,0.032194176102598004,0.0010812740207287743,-0.05484287047278189,0.04980729896524433,0.0016069247763788423
56,0.1576599847345227,-0.06689093194102647,-0.005086969533907082,-0.03130931341966396,0.032704963692863506,0.0010985157932158827,-0.05479301025623173,0.04948684378908952,0.0015981389084118107
57,0.15734192984619655,-0.06655696129610034,-0.005076970692615701,-0.03186084699609207,0.03319628468932707,0.0011136363336241135,-0.05475778218905831,0.0490451189526995,0.0016051006582559486
58,0.15701480258285183,-0.06621870717606759,-0.005064418398151194,-0.03241815850899239,0.03369812735165567,0.0011310190815455657,-0.05470644607637033,0.04871788264572185,0.001595053010534752
59,0.15668546213638945,-0.06587457421722931,-0.005054067556214403,-0.03296865252913857,0.034182821812902935,0.0011459361570874422,-0.05466862361525905,0.04826132635114815,0.0016029461163720967
60,0.15634718736913678,-0.06552650503435631,-0.005041213190970173,-0.03352519813720139,0.03467541921026642,0.0011634787404021006,-0.054616179145519535,0.04792547914992457,0.0015922481355044797
61,0.15600657687411112,-0.06517239697822141,-0.005030507111721261,-0.03407463015683534,0.03515331276568891,0.001178179181831408,-0.05457532765648369,0.04745632697081281,0.0016004778194035636
62,0.15565717610846086,-0.06481465045085111,-0.005017355062538087,-0.03463034852224518,0.03563640983142538,0.0011958884162450228,-0.054522091913585716,0.04711014473976619,0.0015896972405149954
63,0.15530531231653566,-0.06445075967913505,-0.005006290371292299,-0.03517870251808545,0.03610729319666917,0.0012103705509518366,-0.054477827741992876,0.04663051789689256,0.0015977171364276708
64,0.15494480738246963,-0.06408347776361856,-0.004992845058881312,-0.03573352453402054,0.036580677818837455,0.0012282421882576831,-0.05442406133137321,0.046272424391021104,0.001587368484078894
65,0.15458170844472174,-0.06371000095330359,-0.004981418466980081,-0.036280789760045756,0.03704430979058735,0.0012425147627544342,-0.054376057490568556,0.04578428957700745,0.0015946896915475025
66,0.1542101213898287,-0.06333333049035916,-0.004967684134935535,-0.03683463969820455,0.037507809682771856,0.00126053465451152,-0.05432195942321595,0.0454128936909561,0.0015852257778053373
67,0.1538358069908331,-0.06295046780722746,-0.004955892640226223,-0.03738080943836588,0.03796392088782921,0.0012746155847549923,-0.05426995025728726,0.04491802850211127,0.0015914247403665707
68,0.1534531599987018,-0.06256456109238062,-0.004941873169344246,-0.03793360619091462,0.03841739975993961,0.0012927610055039431,-0.054215653996054276,0.04453215531377495,0.001583229515786673
69,0.15306765146546708,-0.062172515462088684,-0.004929714229864768,-0.03847867643178598,0.038865697032933154,0.0013066759824496724,-0.05415943853192592,0.04403212025562208,0.001587954356400605
70,0.15267396680095813,-0.061777530727463725,-0.0049154129806996405,-0.03903033482118612,0.039309050195115956,0.0013249170812210554,-0.05410500943786383,0.04363083518633222,0.001581337428527555
71,0.15227728718533806,-0.061376507195637586,-0.0049028846589700414,-0.03957430287290272,0.03974922144545638,0.0013386980653773554,-0.0540444532951288,0.043126952912351545,0.0015843125389732907
72,0.15187258716778185,-0.060972608993193234,-0.004888304344875749,-0.04012473500041248,0.040182370991591075,0.0013569994101352645,-0.05398988759459573,0.04270957841666933,0.001579505558709403
73,0.1514647613015797,-0.06056281418305787,-0.004875405420914802,-0.040667598096693285,0.040614090408393935,0.0013706830529412208,-0.05392492330580813,0.042202920528406,0.0015805342352860003
74,0.1510490683063238,-0.060150173662423256,-0.004860548013053689,-0.04121671469735509,0.0410369801322913,0.001389005228399806,-0.05387014867203055,0.041769045075270475,0.001577689250762669
75,0.15063012282895827,-0.05973181533537897,-0.004847278065039706,-0.0417584686073019,0.04145991357116816,0.0014026312602691648,-0.053800774379609756,0.04126042673721973,0.0015766543007575788
76,0.15020345931702594,-0.0593106104126071,-0.004832144730033239,-0.04230618037854219,0.041872503773719996,0.001420932477990147,-0.05374565215955589,0.040809905994727474,0.0015758441967541844
77,0.1497734226762928,-0.05888389713396114,-0.004818504182360406,-0.04284681806353291,0.042286314167561394,0.001434542105253437,-0.05367192867170879,0.0402998881988435,0.0015727065151376958
78,0.1493358112512394,-0.05845431255071398,-0.004803095252401857,-0.04339303693414429,0.04268857650974658,0.0014527797849216853,-0.053616257724712096,0.03983283875784124,0.0015739274446409418
79,0.14889471367837637,-0.05801945345963877,-0.004789085391715742,-0.04393254728245833,0.04309292915240768,0.0014664141360074161,-0.05353830399967772,0.03932173788462197,0.0015687225761482164
80,0.14844617716876962,-0.05758168073537773,-0.0047734003661477065,-0.044477187590137766,0.04348484170191017,0.0014845464170886867,-0.05348182606278465,0.0388385238449248,0.0015718983453353753
81,0.14799405062967608,-0.05713888541517509,-0.004759023326769696,-0.04501555426022972,0.043879409260267406,0.0014982450775004575,-0.0533998132302485,0.03832642798607393,0.0015647312003397224
82,0.14753461219499997,-0.05669312269785731,-0.004743060903328322,-0.0455585338080503,0.04426095186862817,0.001516232223895566,-0.053342219686299104,0.03782764124570045,0.0015697194453512706
83,0.14707149032006306,-0.05624260113983537,-0.0047283196242358105,-0.046095734208877276,0.04464541899549284,0.0015300318962688207,-0.05325636374838342,0.037314432486429606,0.0015607573103154076
84,0.1466011735772702,-0.05578905296319858,-0.004712077757428879,-0.04663697517395506,0.04501656912647837,0.001547837559429453,-0.05319730360567355,0.036800867392305515,0.001567357242993886
85,0.14612709157279047,-0.05533101561502418,-0.004696975913657364,-0.047172979606892165,0.04539063656018703,0.001561770880439447,-0.05310785703301634,0.0362862491928398,0.001556821329711669
86,0.14564592074023064,-0.054869892572854795,-0.00468045189709998,-0.047712409278873644,0.045751365672633375,0.0015793631913561144,-0.05304694591835703,0.035758872692260295,0.0015647828210907883
87,0.14516091528489328,-0.054404550460153356,-0.004664993809032403,-0.048247180261738895,0.0461147537322053,0.0015934577325665354,-0.0529541883475921,0.03524240123684225,0.0015529386411668182
88,0.14466891533993043,-0.05393606880977764,-0.0046481843780155074,-0.048784731592912384,0.04646502429767943,0.0016108101988397425,-0.052891018266391865,0.034702319562325126,0.0015619723505770771
89,0.1441730244701368,-0.05346363371812535,-0.004632374902505898,-0.04931822338163333,0.04681747570334238,0.0016250876726657212,-0.05279524656814333,0.034183437996522154,0.0015491191826406782
90,0.14367022131645235,-0.052988014926784954,-0.004615276352644027,-0.049853835335917286,0.047157238917109004,0.0016421798622882162,-0.05272939616184577,0.03363186108614239,0.0015589073904808271
91,0.14316348430458448,-0.05250869963005389,-0.004599120760294562,-0.05038599365391071,0.047498520890336765,0.001656655547322958,-0.05263091415946556,0.033109935394870574,0.0015453672156568678
92,0.14264990494496066,-0.052026169878755635,-0.004581729077810737,-0.050919611347646464,0.04782771510885513,0.0016734735484052678,-0.05256195916821194,0.0325481402399094,0.0015555750752783736
93,0.14213236217479464,-0.051540188399099574,-0.004565232920939355,-0.051450373327067,0.04815762073019493,0.001688155942597345,-0.05246106726825291,0.03202249560196399,0.00154168125680446
94,0.14160803488508755,-0.05105097805896919,-0.0045475439199731404,-0.051981947959828585,0.048476170644794904,0.001704692593855558,-0.05238859095266395,0.03145178973209614,0.001551968088902886
95,0.1410797277286081,-0.05055854594354248,-0.00453071289591378,-0.052511242293858444,0.04879451947226988,0.0017195832963976285,-0.05228557600196457,0.030921746143675936,0.0015380541838699274
96,0.14054468222863692,-0.05006288903965572,-0.0045127223582210885,-0.05304073087386837,0.04910233600420434,0.0017358381910789241,-0.0522091791820878,0.03034343240523154,0.0015480844898431768
97,0.14000565292841227,-0.04956422363945734,-0.004495562172544432,-0.05356847817229572,0.049408973978475816,0.0017509320073169528,-0.052104304798392634,0.029808338457520064,0.0015344735027915223
98,0.13945992054564793,-0.04906235731659159,-0.00447726598507292,-0.05409584304603582,0.04970595485796912,0.0017669112795104525,-0.05202361530540451,0.029223682139106547,0.0015439273962674777
99,0.13891021210673005,-0.048557678053583464,-0.004459782219134345,-0.054621956382230163,0.050000753541792724,0.0017821965370913692,-0.05191711297879376,0.02868294594274975,0.0015309217502568662
100,0.13835382592890777,-0.048049842057370284,-0.00444117650519682,-0.05514716458385639,0.050286784513309805,0.001797912444953154,-0.05183179419239647,0.02809314522832589,0.001539504499494939
101,0.13779348202390695,-0.04753937066718894,-0.004423374492124044,-0.05567155021462619,0.05056963973266632,0.0018133715032061417,-0.05172385536545688,0.027546261610830427,0.0015273770495421149
102,0.1372264770370616,-0.04702580685278379,-0.004404455732256896,-0.056194572655006894,0.05084459631092912,0.0018288418302063818,-0.05163361368697761,0.02695242211615668,0.001534827477833155
103,0.13665554192764306,-0.046509767591892626,-0.004386340445062364,-0.05671713089178749,0.051115426280518496,0.0018444517596322631,-0.051524383050891735,0.02639899533467597,0.0015238137649021019
104,0.1360779551365029,-0.04599071947060329,-0.004367105584124342,-0.05723794141178745,0.05137917596645631,0.0018596990589456494,-0.051428974049999916,0.02580210947980486,0.0015299113002223402
105,0.13549647361405437,-0.045469339278571885,-0.004348681539118715,-0.05775856761629999,0.051637918997484544,0.0018754324634617655,-0.05131854421168339,0.025241870891570713,0.0015202032531581634
106,0.13490834414227282,-0.04494505161090423,-0.0043291280767392415,-0.05827714193207404,0.05189032385201062,0.0018904831748221022,-0.05121777733708514,0.024642802429406488,0.001524773438909448
107,0.13431636148992987,-0.04441856022056867,-0.0043103992548285675,-0.05879572760737596,0.052136935746680026,0.0019063091255996818,-0.05110618501441086,0.024075622817115384,0.0015165146867622983
108,0.13371773065822345,-0.04388927866203396,-0.004290525316945848,-0.05931204217861586,0.0523778552140572,0.0019211925972290387,-0.05099992673746125,0.02347509691982007,0.0015194330542354984
109,0.1331152926358129,-0.04335790865248401,-0.004271495104734679,-0.05982847612380955,0.05261230645930638,0.0019370776449479507,-0.05088715054537775,0.022900993189321504,0.001512715898791789
110,0.1325062040167163,-0.042823879456233005,-0.004251299494635652,-0.06034250697715976,0.052841600326140964,0.0019518250941795725,-0.050775325856222825,0.02229959209744546,0.0015139101290642244
111,0.1318933568695254,-0.04228786624587966,-0.004231970646577543,-0.060856676472398064,0.05306387319927965,0.001967734325061501,-0.050661285764182405,0.021718728449523054,0.00150877427126309
112,0.13127385631815025,-0.04174933602394759,-0.0042114528745531565,-0.061368398013884454,0.053281404577243806,0.00198237777317265,-0.05054387803204893,0.021116892584767108,0.0015082246183726934
113,0.13065064680974425,-0.04120891780319047,-0.004191827496670797,-0.061880190002547054,0.05349149027412119,0.0019982758735835483,-0.050428436453213585,0.020529576346210738,0.0015046575674013516
114,0.13002078247059867,-0.04066613334589664,-0.00417098778811309,-0.06238957385206203,0.05369712849825457,0.0020128470889125274,-0.05030548563489561,0.01992761061219815,0.0015023956194183741
115,0.12938725793924,-0.040121550951100815,-0.004151067343120318,-0.06289887608665369,0.0538950243890182,0.0020286993848767703,-0.050188450133044744,0.019334283100873813,0.0015003347758228264
116,0.12874708022984394,-0.03957475910201902,-0.004129906625569335,-0.06340588996725618,0.05408864773104727,0.0020432288681229397,-0.05006004943136564,0.018732367873227122,0.0014964405976795546
117,0.12810328866740306,-0.03902625583454711,-0.004109691958540829,-0.06391259208763884,0.05427435483845105,0.0020590023069797813,-0.04994117693260216,0.018133590814807993,0.001495776827467149
118,0.12745285024006925,-0.038475703416540386,-0.0040882118288529945,-0.06441719880014138,0.05445585294504713,0.0020735183488791494,-0.04980746800856996,0.017531797058995265,0.0014903746904998164
119,0.1267988403917002,-0.0379235248124099,-0.004067703211976026,-0.06492119331481239,0.0546293737288957,0.0020891823944624026,-0.04968647038028762,0.01692823530531954,0.0014909572924947131
120,0.1261381960754443,-0.03736945859853025,-0.004045905885365131,-0.0654233498253422,0.05479864970997985,0.0021037102340521674,-0.049547637264578136,0.016326543022504168,0.0014842100995364114
121,0.12547401755773702,-0.03681385215578281,-0.0040251030797364695,-0.0659245329694201,0.05495998622510141,0.002119237648978015,-0.049424188107636706,0.015718944237047904,0.0014858529271908674
122,0.12480322428281354,-0.036256518877471944,-0.004002991322973326,-0.06642418963452185,0.05511695833078007,0.0021337987558277824,-0.04928045002179894,0.015117263529656963,0.0014779555952974502
123,0.12412892771763795,-0.035697733749584515,-0.003981893654930957,-0.06692246208236152,0.055266110811576966,0.0021491662497827883,-0.0491541924593151,0.014506435786650113,0.0014804441177171518
124,0.12344804442564572,-0.03513738013353751,-0.003959470706415225,-0.06741956203182298,0.055410713655459735,0.0021637777492115547,-0.04900579573566026,0.013904629508889228,0.0014716161559681707
125,0.12276368158649353,-0.034575666798061455,-0.003938077155509423,-0.06791482944600864,0.05554767955913197,0.0021789664769411438,-0.04887635095906376,0.013291417692486545,0.0014747151979653025
126,0.12207276912936404,-0.03401253962246509,-0.003915346635257166,-0.06840930813874402,0.05567986486373259,0.002193640731970352,-0.04872356032836824,0.012689324932038636,0.0014651927226575826
127,0.12137839309668397,-0.03344814953457087,-0.0038936559306870233,-0.0689014815426581,0.055804638389005755,0.00220863662957496,-0.04859053668062237,0.012074586817640554,0.001468654633122541
128,0.12067751412812522,-0.03288249569508772,-0.0038706217435082735,-0.06939326650652662,0.05592437524678981,0.0022233809882910836,-0.048433626157774454,0.011472046142358135,0.0014586821062622971
129,0.1199731794499268,-0.032315680935823377,-0.003848632465674129,-0.06988226247235303,0.05603694732338851,0.0022381749422267713,-0.04829662846216003,0.010856629061651637,0.0014622550529731042
130,0.11926239831306007,-0.031747747511789104,-0.0038252987009281814,-0.07037127323288536,0.056144221985288255,0.002252991653113789,-0.04813587211781956,0.010253500845176565,0.0014520770177899884
131,0.11854816116696087,-0.03117876044062129,-0.0038030093846985746,-0.07085701388273888,0.05624458071550333,0.0022675795018370186,-0.04799451100265765,0.009638219825120125,0.001455513173382154
132,0.11782754378193461,-0.03060879475230016,-0.0037793802160159817,-0.07134316208068918,0.05633939593674694,0.0022824657948747776,-0.04783017386081916,0.009034406621513908,0.001445366245967941
133,0.11710346213482692,-0.030037887672902164,-0.0037567894523523604,-0.07182557490342047,0.05642752744958899,0.0022968481683178694,-0.047684074825359725,0.0084200247093036,0.0014484295642675173
134,0.11637307589014034,-0.029466137321445984,-0.003732869040607545,-0.07230876459590271,0.056509901437110335,0.0023117964935511948,-0.04751640416106728,0.007815489149823364,0.0014385349315075226
135,0.11563920965175989,-0.02889356216880068,-0.0037099755733579487,-0.07278778208768208,0.05658579110487291,0.0023259785006808967,-0.04736521611478536,0.007202700629427637,0.0014410083255182605
136,0.11489912330286478,-0.028320275051572308,-0.0036857679759687567,-0.07326791022222712,0.056655756124856245,0.0023409769121429396,-0.04719443338458616,0.006597480134799021,0.001431564989195515
137,0.11415553446975979,-0.02774628310727234,-0.003662570790887054,-0.07374346936371995,0.05671939007760259,0.002354967691712106,-0.04703783644192201,0.005986897113172163,0.0014332566375579925
138,0.11340581804824945,-0.027171707402500855,-0.0036380798802115866,-0.07422042641017604,0.05677699079139798,0.002370000359053489,-0.046864130072847926,0.00538111497734258,0.001424435577636265
139,0.11265257083495372,-0.02659654904374653,-0.003614578283616221,-0.07469246799769512,0.05682835765589378,0.0023838125121592403,-0.04670184239140918,0.00477325785799774,0.001425184253969321
140,0.11189329557129613,-0.026020933159969006,-0.003589807676840362,-0.07516613871860207,0.056873649263022436,0.0023988603401963677,-0.046525361615033116,0.004167130374140204,0.0014171237046372179
141,0.11113045652590203,-0.025444857646170327,-0.0035660013617272446,-0.07563460657039954,0.05691274204597012,0.002412509267178144,-0.046357145099919346,0.003562422300385497,0.0014168028825709454
142,0.11036169478824553,-0.02486845013353811,-0.0035409543641800045,-0.07610487090687544,0.05694578831460524,0.0024275505985684293,-0.046177994995558976,0.002956261777535637,0.0014096048131006346
143,0.1095893328900378,-0.02429170543279957,-0.003516843462106234,-0.07656971096905961,0.056972606346965216,0.002441053764643432,-0.04600365973064414,0.0023550272998631686,0.0014081255800323803
144,0.10881115814112208,-0.023714754855012066,-0.003491523025445975,-0.07703644501642098,0.05699347761742747,0.002456065141564085,-0.04582189760279669,0.0017492409209208652,0.0014018534901044054
145,0.10802934487845528,-0.023137587511046664,-0.003467108142989561,-0.07749760439551624,0.05700802847561386,0.002469441297818046,-0.045641304894165714,0.0011517087212452605,0.0013991660717629162
146,0.10724183165211287,-0.022560342278380885,-0.0034415168391651596,-0.07796068144052784,0.05701679971903269,0.002484398254517284,-0.04545693806918744,0.0005467934107326209,0.0013938440985497122
147,0.10645064107928459,-0.021982997316736252,-0.003416799078335586,-0.07841810739141729,0.0570191010421812,0.0024976666408136777,-0.045270002050929244,-4.689709576815794e-05,0.001389938091023267
148,0.10565386497743667,-0.021405705482276716,-0.0033909390896886826,-0.07887739898205916,0.05701585005284338,0.002512544500860505,-0.045082987122194815,-0.0006503634996126278,0.0013855514781193313
149,0.1048533737498979,-0.020828426353166174,-0.003365920052193161,-0.07933103788064173,0.05700593118131404,0.002525724058245594,-0.04488967490070865,-0.001240152034309442,0.0013804547513394509
150,0.10404741146035368,-0.020251335375855106,-0.0033397931775092093,-0.07978641489879851,0.056990736974148616,0.002540498709575129,-0.04469991844338434,-0.0018415229457172761,0.0013769515574318216
151,0.10323769884819722,-0.019674363929439664,-0.0033144749533242646,-0.08023621122912027,0.05696864034166327,0.0025536073272835885,-0.044500248791845276,-0.002427415196958752,0.0013707279278504791
152,0.10242262818296399,-0.019097720408936425,-0.0032880826291317167,-0.08068754493683337,0.0569415818164102,0.0025682559501141013,-0.044307609484165414,-0.0030259901681865906,0.0013680219483263065
153,0.10160377606322635,-0.018521296897657358,-0.003262467770334454,-0.08113344032117462,0.05690736404075749,0.0025813097717371962,-0.044101650155656424,-0.0036080421297951318,0.0013607677266486691
154,0.1007796760164602,-0.017945346287111086,-0.0032358111062540384,-0.08158060335248542,0.05686851896328185,0.002595811496578737,-0.0439059422455509,-0.004203083922666775,0.0013587424613606754
155,0.09995176884533852,-0.0173697093886509,-0.0032099025875287346,-0.08202253565164702,0.05682225159132349,0.00260882430657975,-0.04369380601179057,-0.004781384468798017,0.0013505820264086497
156,0.09911871966951435,-0.016794695692386785,-0.0031829824140457985,-0.08246540292422418,0.05677169592778869,0.002623160782613512,-0.04349480398993145,-0.005372137540620926,0.001349095535754445
157,0.09828184443612298,-0.01622008254611318,-0.003156783581680811,-0.08290330543244313,0.056713465806125914,0.0026361434911787774,-0.04327664352718029,-0.005946789859170682,0.0013401760752481833
158,0.09743992773450738,-0.015646248009812735,-0.0031296005083494283,-0.08334175495564958,0.056651273433140484,0.0026502993481372877,-0.0430740878656958,-0.006532499594282376,0.0013390665854005803
159,0.09659417389827107,-0.015072894259092084,-0.003103115019881031,-0.08377555571172347,0.056581182689341696,0.002663259589533139,-0.04285008966813811,-0.007103602317050561,0.0013295522511191865
160,0.09574347273134498,-0.014500479060353566,-0.003075669501661382,-0.08420946927142937,0.05650742548622021,0.0026772227812224512,-0.04264369345737447,-0.007683534207465056,0.0013286442227714152
161,0.09488893214552463,-0.013928618892996125,-0.0030489012585612763,-0.0846390905042353,0.05642559112164053,0.0026901646350442603,-0.04241407094855726,-0.008251162919369967,0.0013187098549584453
162,0.09402953114863422,-0.013357860840140345,-0.003021193667801736,-0.08506835420813766,0.05634033943710297,0.0027039266557853598,-0.042203527203677746,-0.008824620985716763,0.0013178203980816598
163,0.09316629797280984,-0.01278772701939479,-0.0029941467437816227,-0.08549371193010978,0.056246892546679764,0.002716850498105414,-0.04196851328778119,-0.009388810835934494,0.0013076450809059261
164,0.09229828348204949,-0.01221886126607008,-0.0029661774452151013,-0.08591821660221523,0.056150216017675295,0.0027304064686737048,-0.041753502724007484,-0.009955154592869133,0.0013065904041616677
165,0.09142645408661498,-0.011650685145036865,-0.00293885601279098,-0.08633922036027093,0.056045300666174164,0.0027433089537896877,-0.041513341963213456,-0.010515884730799289,0.0012963510436497562
166,0.090549914269754,-0.011083943927580053,-0.00291062543890086,-0.0867588617769703,0.05593726935187661,0.0027566575773076123,-0.041293541025851546,-0.011074544042771887,0.0012949527965877474
167,0.08966958713563133,-0.010517955440661364,-0.002883033696850501,-0.08717541456604443,0.05582104114930803,0.0027695317479205896,-0.041048481709145455,-0.011631724394857828,0.0012848179376244114
168,0.0887846121247916,-0.009953567844306566,-0.002854542421005468,-0.0875900935315805,0.05570172693288074,0.0027826751405445067,-0.04082357058519416,-0.012182211682916893,0.0012829091914358065
169,0.08789588774161683,-0.009389995470270529,-0.0028266845252544748,-0.08800209187039461,0.055574351362728966,0.0027955106590471647,-0.04057385688326036,-0.012735672637268587,0.0012730332920521802
170,0.08700256976441612,-0.008828187229211304,-0.002797933330159763,-0.08841171413346652,0.05544382956197605,0.0028084540647085633,-0.04034352732404481,-0.013277592016696108,0.0012704639831652422
171,0.08610555053041413,-0.008267257921640514,-0.0027698133304441264,-0.08881904829870652,0.05530548012439087,0.002821237554706261,-0.04008939178557553,-0.01382707732470206,0.0012609823082913914
172,0.08520398403636731,-0.007708251256692389,-0.0027408032696769613,-0.08922352431712442,0.05516383124615083,0.002833988956451464,-0.039853354477500005,-0.014360130312859909,0.001257623985611152
173,0.08429877416299236,-0.0071501903389059596,-0.0027124250540759842,-0.08962607872687589,0.05501468748555546,0.0028467044404148867,-0.03959501104587267,-0.01490529358087453,0.0012486482616214563
174,0.08338905594214807,-0.006594203835109891,-0.00268315750475856,-0.09002532329080334,0.05486199905113812,0.0028592740837492985,-0.039353002357385064,-0.015429281206302003,0.001244397977674753
175,0.0824757613663536,-0.0060392348581204125,-0.002654524753880061,-0.09042297702461294,0.05470224454112784,0.0028719034994628004,-0.03909064011158465,-0.015969685950338475,0.0012360129907499034
176,0.08155799065739966,-0.005486483383152052,-0.002625001458894438,-0.09081690875306293,0.05453861291064377,0.002884303346811984,-0.03884242802763101,-0.016484507185685504,0.001230796243056955
177,0.08063671896410407,-0.004934827946679876,-0.0025961176111071183,-0.09120953619217247,0.05436843327061771,0.0028968271233847038,-0.038576205822585356,-0.01701963061425986,0.0012230573946288507
178,0.07971099754950817,-0.004385522609422043,-0.002566340709645898,-0.09159807692097029,0.05419396539070501,0.0029090702590532183,-0.03832159492062882,-0.0175252772256338,0.0012168300328300196
179,0.07878185790645442,-0.0038374001475180997,-0.0025372089383612906,-0.0919855484893152,0.054013546406798625,0.0029214679315495116,-0.038051637025778344,-0.018054517450785096,0.0012097619828793794
180,0.07784829019259953,-0.0032917482946843712,-0.0025071809840320203,-0.0923686225707423,0.05382836141232661,0.0029335679392065257,-0.03779047236911073,-0.018551065455212977,0.0012025110407338877
181,0.07691139329939689,-0.0027473758289184858,-0.0024778041875923584,-0.09275080555478969,0.05363788733133056,0.002945818780124373,-0.03751686525629404,-0.019073751983863147,0.0011961074107832543
182,0.07597008638011504,-0.0022055810762249273,-0.0024475281537345017,-0.09312833909218225,0.05344211793465338,0.0029577891142748866,-0.037249035124768494,-0.019561350038667706,0.0011878508641234944
183,0.0750255444327802,-0.0016651729407417548,-0.002417908958028292,-0.09350509851606625,0.05324176999304754,0.0029698727601228736,-0.03697182543438495,-0.020076757091104357,0.0011820750237508568
184,0.0740766081351647,-0.0011274352338657145,-0.0023873882303420135,-0.09387701855722855,0.053035563603558517,0.0029817261335058414,-0.03669726282975707,-0.02055561227222121,0.0011728605071517182
185,0.07312453480699632,-0.0005912027777696949,-0.0023575290038247987,-0.09424821808836883,0.05282551884453506,0.002993623185392696,-0.03641645657423728,-0.021062974465800938,0.001167647346557045
186,0.07216808171887523,-5.7718477263879464e-05,-0.0023267673608378114,-0.09461445180285685,0.05260903837062605,0.0030053709922736216,-0.03613513950444321,-0.021533335941322618,0.0011575498844942928
187,0.07120859215798847,0.00047413024923548264,-0.002296670241231258,-0.09497995466333381,0.05238946879172328,0.0030170635705537054,-0.035850702487632356,-0.022031865778964498,0.0011528085547078827
188,0.07024473763694272,0.001003168265768517,-0.002265671823534099,-0.09534042852823141,0.052162893088602016,0.0030287153655064562,-0.03556265302487693,-0.022494006996297704,0.0011419274155032603
189,0.06927794848029178,0.0015304288342796735,-0.002235338755079752,-0.09570009838708757,0.05193396515004825,0.0030401876007176464,-0.035274512457026834,-0.022982913493728458,0.0011375448694574575
190,0.0683068106446042,0.002054831060056994,-0.0022041080246195666,-0.0960547374054862,0.051697489090354015,0.0030517506491129697,-0.03497979465601534,-0.023437113529064357,0.0011259996665530373
191,0.06733284004783069,0.0025773029883593424,-0.0021735408044352145,-0.09640843922887188,0.0514593636010847,0.0030629890939653454,-0.03468784186691875,-0.023915621373802758,0.0011218448835137135
192,0.06635453975021954,0.003096883172978959,-0.0021420824954667683,-0.0967571662032913,0.05121319775753451,0.0030744680080041224,-0.03438655860121203,-0.024362146095317592,0.001109771056740699
193,0.06537350743221404,0.0036143702429494162,-0.002111282827273131,-0.09710476704054642,0.050966030142654516,0.0030854619578643445,-0.03409065278054395,-0.024829514577697543,0.0011056998179755186
194,0.06438816821764848,0.004128945283367713,-0.0020796018908200153,-0.09744750192209732,0.050710400087336134,0.0030968584293181267,-0.033782941637521074,-0.025268598387601916,0.0010932436726967323
195,0.06340019551829157,0.004641255844717973,-0.002048571444079439,-0.09778887160870622,0.05045434102530558,0.0031076001422364534,-0.03348291443831071,-0.025724139506019164,0.0010891036753034313
196,0.06240794356757218,0.005150645689130151,-0.002016672987939727,-0.09812553093947311,0.050189486262339246,0.003118912778743021,-0.03316894280515125,-0.02615596818237782,0.0010764171567671805
197,0.06141315351676724,0.005657592941530343,-0.0019854134603098927,-0.09846054270051054,0.049924682669612426,0.0031293975896609888,-0.032864603690723686,-0.026599063219914135,0.0010720533172939768
198,0.06041411757788684,0.006161620513189803,-0.001953302686749092,-0.09879103916421027,0.049650855232135985,0.003140621858418224,-0.03254456318383351,-0.02702375861468632,0.0010592886783148266
199,0.05941263497369198,0.0066630227599810965,-0.0019218158676769237,-0.09911957010498317,0.04937745155766503,0.003150848185396864,-0.03223570531217746,-0.02745387264778221,0.0010545484426082974
200,0.05840694628326093,0.00716151390723252,-0.0018894980109948056,-0.09944381219678186,0.049094914311018395,0.0031619764643810422,-0.031909805755280116,-0.02787147970894262,0.0010418530179208312
201,0.05739889777670715,0.007657194774779219,-0.0018577858442732076,-0.09976574367152759,0.04881305409355894,0.003171945709009761,-0.03159621225409975,-0.0282881735006769,0.0010365914868667924
202,0.056386689973912496,0.008149978252627088,-0.001825266110387358,-0.10008363549492738,0.04852207879762969,0.003182967441990095,-0.031264675359868835,-0.028698650097080947,0.0010241027116916434
203,0.05537220415793487,0.00863976687043122,-0.0017933307535729082,-0.10039885334756493,0.04823190642909305,0.0031926837889215166,-0.03094612576597871,-0.02910158899492913,0.001018187423652072
204,0.054353613193624306,0.009126674357816222,-0.0017606142636616973,-0.10071029454168845,0.04793277162048237,0.0032035857373190492,-0.03060917873968529,-0.029504798904021967,0.0010060282957416978
205,0.05333282069346568,0.009610405495745988,-0.0017284581423921974,-0.10101868921704356,0.047634434251286606,0.003213055861910286,-0.03028545545844283,-0.02989375844589865,0.0009993435086548472
206,0.052307984736979174,0.010091271651404776,-0.001695549882458014,-0.10132357501472192,0.047327423011952925,0.00322382244336931,-0.02994332467985917,-0.030289467766346792,0.0009876185972440778
207,0.05128101829941756,0.010568785811738035,-0.0016631757379139689,-0.1016250415418107,0.04702107252901808,0.0032330551385044786,-0.029614219216897202,-0.03066433571552383,0.0009800689496361078
208,0.05025007764575751,0.011043448370117392,-0.0016300805159032983,-0.10192326295386409,0.04670647021371357,0.003243668839599441,-0.029267124230298376,-0.031052212849346034,0.0009688611077874881
209,0.04921707222460181,0.011514591833565735,-0.0015974914439120802,-0.10221770080747425,0.046392265218818826,0.0032526745759371752,-0.028932443083203217,-0.03141298770048197,0.0009603745227816531
210,0.048180169204406154,0.011982891740798474,-0.0015642138557405705,-0.10250914492629895,0.04607035721277881,0.0032631164236857696,-0.028580591010010065,-0.03179260684132578,0.0009497423824543819
211,0.047141262039844256,0.012447516567124506,-0.0015314133363324434,-0.10279645777542695,0.04574846493028198,0.0032719068591818765,-0.02824016101715539,-0.03213939281926747,0.0009402721665847797
212,0.04609854093445376,0.012909298155636684,-0.0014979577418421375,-0.10308100818689635,0.04541953450818864,0.0032821569350591114,-0.027883741577477215,-0.032510240917590055,0.0009302484822178715
213,0.045053871624059605,0.013367262140915326,-0.0014649496583974964,-0.10336110354237087,0.04509013255170078,0.0032907443909467884,-0.027537414597851223,-0.032843239579410655,0.000919774524016927
214,0.04400547858772075,0.013822373339808625,-0.001431320167925465,-0.10363864083250283,0.044754458906705576,0.003300782369170454,-0.02717659586926595,-0.033204726493784864,0.0009103654193169475
215,0.04295518914720142,0.014273539933776114,-0.0013981088154217947,-0.1039114296087235,0.04441773684020164,0.0033091792906879565,-0.026824252676861653,-0.033524225350461,0.0008988945047331354
216,0.0419012721381441,0.014721832510822708,-0.0013643092872890339,-0.10418183194920928,0.04407559334335874,0.0033189849828913,-0.026459177669769095,-0.03387569684874477,0.0008900796213132549
217,0.040845507050229934,0.015166070698979128,-0.0013308993695182458,-0.10444722795653633,0.043731753979014555,0.00332720340301955,-0.02610073096589353,-0.03418205526259754,0.0008776448402383416
218,0.039786215772024236,0.015607400528897752,-0.001296933418377888,-0.10471037175126863,0.04338340672429114,0.0033367572909061265,-0.025731515122640047,-0.03452280843489392,0.0008693783545358087
219,0.038725122022266745,0.016044584685146024,-0.0012633300343773968,-0.10496829113776979,0.04303266710820795,0.0033448083146989,-0.025366911612527493,-0.034816441402518716,0.0008560376585472945
220,0.0376606078764844,0.016478812037838964,-0.0012292010500052353,-0.10522405171142231,0.042678373785890136,0.0033540920534917093,-0.02499364126335165,-0.03514574197151558,0.0008482501545655387
221,0.03659433497511044,0.0169088217543103,-0.0011954096702941897,-0.10547441237335266,0.04232096583328476,0.0033619853803288522,-0.024622862746179915,-0.03542710228061204,0.0008340840997268509
222,0.035524751025924006,0.01733581159596298,-0.001161120846053576,-0.10572266468203245,0.04196097496470774,0.003370982256511178,-0.02424559453658687,-0.0357442032087966,0.000826685172246896
223,0.034453451015299286,0.01775853149734563,-0.0011271472795998383,-0.10596538566271854,0.04159714571830663,0.003378725755066852,-0.02386865803218937,-0.036013762554800544,0.0008117939796308376
224,0.033378951966253956,0.01817815379675869,-0.0010927016495134723,-0.10620600500718429,0.04123169627297303,0.0033874210845987024,-0.023487419321754636,-0.036317923355598816,0.0008046755113069531
225,0.032302779413903804,0.018593473346873335,-0.0010585520026367146,-0.10644100590398407,0.040861707770355755,0.0033950204341708177,-0.023104376226164205,-0.036576153117716136,0.000789175501556928
226,0.031223521596698278,0.019005603379108393,-0.0010239524857215132,-0.10667386862576411,0.04049102917233928,0.0034034018885052302,-0.02271916641302354,-0.036866659162853185,0.0007822154587589136
227,0.03014263357423208,0.019413416687613205,-0.0009896331143944836,-0.1069010690238478,0.04011515792230798,0.0034108602972106857,-0.022330100777347817,-0.03711401147195709,0.0007662350477729929
228,0.02905877494896536,0.01981793532703513,-0.0009548825647029968,-0.1071260531665054,0.03973947044003215,0.0034189181482226333,-0.02194089347064876,-0.03739019273024634,0.0007593016925638028
229,0.027973330997610346,0.020218140964023856,-0.0009204000218929753,-0.10734537211662844,0.03935800651952049,0.0034262361564851027,-0.02154591944280383,-0.037627082384745755,0.0007429770295246424
230,0.026885031163603634,0.02061493495905542,-0.0008855012825341735,-0.10756235803522218,0.03897752202174105,0.0034339634330705074,-0.02115266542303108,-0.03788833092736745,0.000735933371246626
231,0.025795193247397097,0.021007435784964112,-0.0008508622623732975,-0.10777371359144482,0.0385907678182413,0.003441138807252847,-0.020751923976873674,-0.03811511888210624,0.0007194038201610147
232,0.024702613463376877,0.021396398007374806,-0.0008158182216873033,-0.10798258449575387,0.038205690864378396,0.003448531360428768,-0.02035455478863225,-0.038360904595011694,0.0007121121780279898
233,0.02360854591135808,0.021781101024967775,-0.000781029502324615,-0.10818589332591462,0.03781395950019231,0.0034555590788579137,-0.019948209857720448,-0.03857788342822549,0.000695515767047743
234,0.022511849123527106,0.0221621306872537,-0.0007458431503404306,-0.10838653574537271,0.03742448872495683,0.0034626155547114847,-0.019546641949156986,-0.0388077674221304,0.0006878422783171669
235,0.021413718562514283,0.02253894692164815,-0.0007109115373417074,-0.10858171282538505,0.03702810220989417,0.0034694878849938363,-0.0191348761045821,-0.03901514937989829,0.000671311260877554
236,0.02031306943881306,0.022911949757004058,-0.0006755860206693054,-0.1087740169864905,0.03663443195001389,0.003476209607744255,-0.01872901534177851,-0.03922879469065848,0.0006631301976060453
237,0.01921104471853785,0.023280794168635932,-0.0006405182927848863,-0.10896097538605606,0.03623371911740834,0.0034829162714953587,-0.018312025135083065,-0.039426702558469376,0.0006467869048857751
238,0.018106609687245423,0.023645682569131576,-0.0006050569661715244,-0.10914483549547593,0.035836041223204884,0.003489307042568192,-0.017901771560402537,-0.03962388175555329,0.0006379846457559039
239,0.017000861799754463,0.02400647400340583,-0.0005698598251728804,-0.10932348626015422,0.03543133551185838,0.0034958354605719158,-0.017479762720024942,-0.03981234296527262,0.0006219377143893442
240,0.0158928090904773,0.02436316711324671,-0.0005342662980949431,-0.10949880069055644,0.035029841278158114,0.0035019012812845763,-0.01706501539383633,-0.03999294253241187,0.0006124162679119802
241,0.014783511085770695,0.024715828289288533,-0.0004989463242268677,-0.1096690528218794,0.03462147842557704,0.0035082368899971334,-0.016638197996106024,-0.04017188655663643,0.000596757399985813
242,0.013672010770834242,0.025064252051364644,-0.0004632245010725011,-0.10983572419997759,0.034216360575386226,0.003513985618634289,-0.016218859777602963,-0.04033590782697791,0.00058643735101625
243,0.012559337670721149,0.025408709590940104,-0.00042778811544952333,-0.10999748473237586,0.03380467629208074,0.0035201122463552124,-0.01578744355635724,-0.040505167000472096,0.0005712386818881334
244,0.01144456170500363,0.02574879674627928,-0.0003919422280838081,-0.11015541993199382,0.033396130943626666,0.0035255532019425237,-0.015363425670743572,-0.040652723717711,0.0005600614932278347
245,0.010328690417098274,0.026084981242548544,-0.0003563956631101872,-0.11030859410220842,0.03298145863679709,0.003531453491593076,-0.014927615587130622,-0.04081203741662722,0.0005453736378318232
246,0.00921081267443391,0.02641667128367442,-0.0003204302948790483,-0.11045770414763321,0.032569687185939965,0.003536597018108618,-0.014498841867659224,-0.04094335001741396,0.0005333032229851788
247,0.008091921908108701,0.026744517408063828,-0.0002847795734934877,-0.11060219565002852,0.03215235579894446,0.003542252881858526,-0.014058834097157517,-0.041092371972649984,0.0005191540856372832
248,0.006971118212520833,0.027067756488603045,-0.00024869967402141313,-0.11074239553810065,0.0317375666534938,0.003547109888342773,-0.013625244744416738,-0.04120775877005868,0.000506177646225381
249,0.005849388398462163,0.027387203132797078,-0.00021295059825454654,-0.11087810685610296,0.03131789868385077,0.00355250297919459,-0.01318122315254648,-0.0413460673474389,0.0004925719608990382
250,0.0047258365486847476,0.027701943936951023,-0.00017676148869272268,-0.11100931530693972,0.030900308789708165,0.0035570844705509787,-0.012742777956870134,-0.04144593300698344,0.00047870003295697144
251,0.0036014497634966336,0.028012934385788668,-0.00014091963772588922,-0.11113614810972958,0.030478618540459357,0.0035621966548619686,-0.012294911193566216,-0.04157304397071338,0.0004656196990063923
252,0.0024753295494627237,0.028319135962395325,-0.00010462700643176781,-0.11125828725860944,0.03005845464930122,0.003566513269455858,-0.011851592094781606,-0.04165786562113665,0.0004508854596058689
253,0.0013484694465097924,0.028621618092437018,-6.869774401940809e-05,-0.1113761428496489,0.02963504676163134,0.0035713270854189874,-0.011400031337460977,-0.041773247036679784,0.0004382906020030696
254,0.00021996265675733317,0.02891924565931836,-3.2307632952033316e-05,-0.11148913789319302,0.029212546396808453,0.0035753886541464203,-0.010951844313210352,-0.04184355852776716,0.0004227484486540558
255,-0.0009091855958273665,0.02921317215697239,3.7038762270569237e-06,-0.11159791769699141,0.028787714701444055,0.003579887741504232,-0.010496721741123413,-0.04194664724966437,0.00041057917783010204
256,-0.002039895176606743,0.029502196882022602,4.0185093813427386e-05,-0.11170169650845077,0.02836312679000275,0.00358370288249748,-0.010043697923811382,-0.04200302203846226,0.00039430265890761415
257,-0.0031711449501234945,0.029787525474469945,7.627385959763089e-05,-0.1118013025799486,0.027937153505165194,0.0035878723703471112,-0.009585125933966841,-0.042093241251348196,0.0003824814319182181
258,-0.004303871553850702,0.030067924240502197,0.00011283950931295639,-0.1118957953086136,0.02751073865466295,0.0035914481314938238,-0.009127322020270936,-0.04213627458932099,0.00036556057847180834
259,-0.00543703480512292,0.03034461793222687,0.00014900068426038082,-0.11198613085085908,0.027083893944731444,0.0035952749720611654,-0.00866539315812706,-0.04221305176967698,0.0003539951338715729
260,-0.006571590703580599,0.03061637309288301,0.000185643827497195,-0.11207126952006567,0.02665592435632699,0.003598616532954723,-0.008202891057155721,-0.04224334265431432,0.00033653333387631285
261,-0.00770647801290425,0.03088440040044249,0.00022187266905271397,-0.11215223939476648,0.02622846625598158,0.0036020897720721607,-0.007737678689416168,-0.042306127459662696,0.00032512000157399357
262,-0.00884267355132462,0.031147499534566636,0.00025858614538165625,-0.11222795751352635,0.02579922527526882,0.0036052002129865965,-0.007270584501062327,-0.04232426102577743,0.00030723048728706587
263,-0.009979094152553158,0.031406834712266685,0.00029487797336569255,-0.112299468730913,0.025371399970209586,0.003608311189439724,-0.006802144133260736,-0.04237254245178194,0.0002958578536185315
264,-0.011116737793125608,0.03166127038396338,0.00033165444696781066,-0.11236570093222488,0.024941181290620236,0.0036111913345223717,-0.006330586457662475,-0.042379073281174136,0.0002776599398504112
265,-0.012254499596430712,0.031911893633401744,0.0003680045978897706,-0.11242766310668066,0.02451322373626581,0.0036139338032216946,-0.005858957660511123,-0.04241239559497266,0.0002662126726616838
266,-0.013393397971035892,0.03215766316462276,0.00040483660648305,-0.11248434482485023,0.02408233027982204,0.003616582141143771,-0.005383085376190436,-0.042407832560133966,0.00024782788972788875
267,-0.01453230757913393,0.03239956082156814,0.00044124038624793194,-0.11253667058554852,0.023654465126923097,0.0036189523179886844,-0.004908294226746846,-0.04242580950144658,0.00023619062870734438
268,-0.01567226555039325,0.032636666083442956,0.00047812039092232084,-0.11258373778294185,0.023223207637417746,0.0036213650013750946,-0.004428273769487269,-0.04241060252180587,0.00021773883615702947
269,-0.016812128269238502,0.03286983077622585,0.0005145730275257776,-0.11262634312938063,0.022795650425856528,0.003623361529420864,-0.003950335710495232,-0.04241292932454726,0.00020580001358679097
270,-0.017952948998763207,0.03309827800456655,0.0005514934618930933,-0.11266373208107938,0.022364345818595664,0.003625532451650227,-0.003466347998895798,-0.042387458458161734,0.00018739567123416084
271,-0.01909356884388036,0.03332270877905241,0.0005879900596716947,-0.11269653667635827,0.021937304392078753,0.003627156291763356,-0.002985271009477478,-0.04237392140015238,0.00017505114376107915
272,-0.020235053866459463,0.033542508418506145,0.0006249433768013013,-0.1127241838190213,0.02150627391024258,0.003629077237311389,-0.0024975081076216168,-0.04233848857461899,0.00015679981095471164
273,-0.02137623356621554,0.033758210825734825,0.0006614788737272503,-0.11274711121553761,0.021079949998442718,0.003630331487935189,-0.0020132960632174494,-0.04230897173645912,0.0001439561748608562
274,-0.0225181828685741,0.03396937740597461,0.0006984575894319889,-0.11276495306430145,0.02064951723257928,0.0036319923498523213,-0.0015219577051163841,-0.042263795334558873,0.0001259513874422249
275,-0.023659723865767646,0.034176363549694555,0.0007350267188117598,-0.11277793085906622,0.0202241081429179,0.003632882003530894,-0.001034613826913061,-0.042218284432292606,0.00011252889754491624
276,-0.02480193596847019,0.0343789155958687,0.0007720234500034895,-0.11278590399429644,0.019794596972825356,0.003634271060027606,-0.0005399039156443416,-0.04216349683687658,9.484948855731659e-05
277,-0.02594363842165215,0.03457720413839427,0.0008086207077773189,-0.11278886391335802,0.01937029733197115,0.0036348027056741796,-4.9434164496443676e-05,-0.04210208004938821,8.078447379451911e-05
278,-0.02708591046271569,0.03477116411684111,0.0008456282047933916,-0.1127869050361275,0.018942029851825245,0.003635906945621945,0.0004484426264594339,-0.04203772818432654,6.349241266871679e-05
279,-0.02822757324863373,0.03496078024289373,0.0008822478234261633,-0.11277978295017221,0.018519033336238538,0.003636088427030721,0.0009420262914830549,-0.041960594052360294,4.873913367937927e-05
280,-0.029369701067456677,0.035146174541899944,0.0009192589954407637,-0.11276782900372496,0.01809232782226495,0.0036368939130789523,0.0014428677341475574,-0.041886642784720235,3.187799842043338e-05
281,-0.03051112178595916,0.035327149881294595,0.000955894925166012,-0.11275056487855573,0.017670828819847953,0.003636733956498735,0.0019395443699861729,-0.041794075225926826,1.6409892429128346e-05
282,-0.03165290000624743,0.035504008825501865,0.0009929028580598631,-0.11272855323023274,0.01724599779893993,0.003637226213400642,0.0024431535647728157,-0.041710413549786336,3.903328235050139e-09
283,-0.032793874988871374,0.03567638133672313,0.001029548755987375,-0.11270109101886908,0.01682619294546478,0.0036367340355411316,0.0029428905950020143,-0.041602784308731794,-1.6185813447549552e-05
284,-0.03393509709937953,0.03584473923264753,0.001066546722279571,-0.11266895969568395,0.016403541416688112,0.0036368984506783292,0.0034490785074656363,-0.04150923391316894,-3.213204939635588e-05
285,-0.035075421422708974,0.03600855305041106,0.0011031959496136112,-0.1126312471790929,0.01598563095872311,0.0036360833615408554,0.003951829501107015,-0.041386992691062316,-4.903041856750008e-05
286,-0.03621587985475616,0.03616844825956167,0.0011401774103507734,-0.11258893514828654,0.0155654548146941,0.0036359055847023374,0.004460417014858542,-0.041283318713058584,-6.453156436285107e-05
287,-0.03735534735946178,0.03632375351040862,0.0011768230377038336,-0.11254092373454201,0.015149643754783672,0.0036347765973625077,0.004966119955778445,-0.04114698134378243,-8.210656466734118e-05
288,-0.03849483356038064,0.03647522854559604,0.0012137816364473641,-0.11248837121918202,0.014732228442482505,0.0036342429267678237,0.0054769394256190575,-0.04103290479703342,-9.719557320410783e-05
289,-0.03963323687665021,0.03662208113636889,0.001250416456970882,-0.11243001571117323,0.014318727432643745,0.0036328083870051245,0.005985515514750761,-0.0408830399254159,-0.00011539738082439698
290,-0.040771541378531895,0.036765182776107075,0.001287346006284218,-0.11236716453000832,0.013904346883992834,0.0036319061298061297,0.006498411772350285,-0.040758251451462155,-0.00013012395922919708
291,-0.04190867195838288,0.036903644160769744,0.0013239625560994561,-0.11229842287278313,0.013493372840751637,0.0036301733768307333,0.007009764783868814,-0.04059546615510158,-0.00014888677504885123
292,-0.04304558444170575,0.037038423576132296,0.0013608570171650403,-0.11222521679313498,0.013082288694352026,0.0036288911726113904,0.007524595604124499,-0.04045964049084955,-0.00016331530833784338
293,-0.044181232598443865,0.03716856050683037,0.0013974476023448368,-0.11214604981179961,0.012674065120811933,0.003626866241836892,0.008038611792033691,-0.04028456538156829,-0.00018255962949080928
294,-0.045316541950394695,0.03729507339482874,0.0014343010585622373,-0.1120624349043463,0.012266526245375269,0.0036251943401142015,0.008555247778273833,-0.04013737622751289,-0.00019676671570868724
295,-0.04645049690525688,0.03741695766329922,0.0014708577877321494,-0.11197280604428957,0.011861283252204797,0.003622881715843791,0.00907179635454445,-0.03995065039848551,-0.00021640202597069075
296,-0.04758399127279156,0.037535264380685884,0.001507664413308074,-0.11187873102816677,0.011457525574805937,0.003620812199088295,0.009590120319200755,-0.03979178501402293,-0.0002304736184791452
297,-0.048716041208577254,0.03764897255618904,0.0015441792347636873,-0.11177860610782575,0.011055499605670833,0.0036182146250695883,0.01010905441708221,-0.039594041502403754,-0.0002504013618581152
298,-0.04984750804647503,0.03775913824770072,0.0015809332594657333,-0.11167402267622085,0.01065574623438226,0.0036157415715106682,0.010628960259992416,-0.03942321471200317,-0.00026442970017231894
299,-0.05097744016777073,0.03786475141743528,0.0016173980015867784,-0.1115633696625609,0.010257179507752769,0.003612859923641099,0.011150118382628355,-0.03921506676783126,-0.0002845464342734521
300,-0.05210666628214189,0.03796684613273271,0.0016540936729194655,-0.11144823277897263,0.009861641132333678,0.003609979506216631,0.011671509547929705,-0.03903203381383305,-0.00029862682355223175
301,-0.05323426688154492,0.03806444965036504,0.0016905000865876652,-0.11132702159421533,0.00946678082302265,0.003606812730464166,0.012194717404823141,-0.03881406246797114,-0.0003188275031713615
302,-0.05436103846942475,0.03815854844439892,0.0017271316307113649,-0.11120128975152496,0.009075656367357262,0.0036035232492774107,0.012717504965292026,-0.03861863045497093,-0.00033305505174211636
303,-0.0554860929990133,0.038248231691804024,0.0017634714323855327,-0.11106949211866816,0.008684753556309488,0.0036000683656663883,0.013242577644627333,-0.03839137372829918,-0.0003532362396285797
304,-0.05661019568482778,0.03833441470391419,0.0018000330151161092,-0.11093312755422126,0.008298231049359204,0.003596370215424932,0.013766678120426855,-0.03818341117502623,-0.00036770266988387257
305,-0.057732488831986284,0.03841627087055355,0.0018362979292478876,-0.11079071688672952,0.007911539480015207,0.00359262238660124,0.014293422487056926,-0.03794735524078948,-0.0003877656784636318
306,-0.05885370770178405,0.038494623378384496,0.0018727836184447844,-0.11064368574885836,0.007529797105733217,0.0035885179604360435,0.014818755460879842,-0.03772679966583442,-0.00040255631996895675
307,-0.059973023468400666,0.038568749261944646,0.0019089654179467175,-0.1104906370886467,0.00714757178678206,0.0035844706211218685,0.015346972712964802,-0.037482372138419734,-0.00042241009883814835
308,-0.06109114310282915,0.03863936170706683,0.0019453691485225022,-0.11033290955142082,0.006770779069930217,0.003579964155934571,0.015873458360029895,-0.037249235306187,-0.0004376011259226313
309,-0.06220726488681694,0.03870585753811073,0.0019814596921043925,-0.1101691995568561,0.006393274771831773,0.0035756091983219353,0.01640294663090096,-0.036996800819318436,-0.000457164854229401
310,-0.06332206939385548,0.038768825521196426,0.0020177752347885214,-0.11000074988214507,0.006021593853339019,0.0035707065676364256,0.016930503232701784,-0.03675117173879584,-0.00047282088556197525
311,-0.06443478007193038,0.03882779481364085,0.00205376650009903,-0.10982635686639389,0.005649063544121157,0.0035660345753893053,0.01746106015751939,-0.03649102991657307,-0.0004920261942799406
312,-0.06554605312039996,0.03888321905796488,0.002089987434940155,-0.1096471634139553,0.005282650497528414,0.003560743037202257,0.017989601722655388,-0.036233075407730055,-0.0005081982955847649
313,-0.06665513513106297,0.0389347684862158,0.002125871546602376,-0.10946206743151012,0.0049153437671146235,0.0035557435599037138,0.018521026861710123,-0.035965461111006104,-0.0005269910238348691
314,-0.06776265998588804,0.03898275476924895,0.002161991242028205,-0.10927211262000568,0.004554349910030541,0.0035500714689696007,0.01905046091146114,-0.03569542411913631,-0.000543715193344716
315,-0.06886789541161809,0.03902699407189392,0.0021977604938490103,-0.10907629559805303,0.004192511428702113,0.0035447333272384833,0.01958255796608707,-0.03542050996290296,-0.0005620566755161225
316,-0.06997145497174861,0.03906765312568017,0.0022337720919047843,-0.10887556582119241,0.0038370845832817555,0.003538689821290399,0.020112783586952638,-0.03513870569942756,-0.0005793528194739912
317,-0.07107262561949723,0.03910469503470537,0.002269418962730141,-0.10866901173041724,0.003480952638288705,0.003533001432644135,0.0206453623235719,-0.03485660657804447,-0.000597220629772261
318,-0.07217200245928956,0.039138142416605515,0.002305315370915828,-0.10845749723414008,0.003131238300076355,0.003526596103537511,0.02117626854265928,-0.03456341671520131,-0.0006150920888986414
319,-0.07326888993848857,0.03916810261028192,0.0023408325338267755,-0.10824019229242839,0.0027810434498058787,0.0035205458178439375,0.0217091463510596,-0.03427419620172088,-0.0006324802814965465
320,-0.07436386635321124,0.039194458546464084,0.002376606423727168,-0.10801788702053113,0.002437185826991507,0.003513788377837206,0.02224061089526426,-0.03397006138809454,-0.0006509138594175752
321,-0.07545625215065432,0.0392174556232785,0.002411986748477979,-0.10778981992179928,0.0020931497066969643,0.0035073648121907316,0.022773613960782698,-0.03367373959506735,-0.0006678326557447851
322,-0.07654661020662767,0.0392368448280247,0.00244763056117403,-0.10755672133782528,0.0017552926001913932,0.003500264766558374,0.023305502445231725,-0.03335915059681805,-0.0006867992000107608
323,-0.07763427575774529,0.03925300029843237,0.002482867110000786,-0.10731788349728334,0.0014176269071113988,0.0034934571283905137,0.02383846646812712,-0.03305571327981699,-0.0007032741849122607
324,-0.07871979734744766,0.0392655517728937,0.002518373068023938,-0.1070739923918457,0.0010859144062750992,0.0034860234643139007,0.024370632028640565,-0.032731201079542346,-0.0007227296179938767
325,-0.07980252410368016,0.03927499006515944,0.0025534590851531425,-0.10682437819870337,0.0007548200852506662,0.0034788218536261377,0.024903402493212958,-0.03242060954642356,-0.00073880047535194
326,-0.0808829910059714,0.03928083687962003,0.0025888192105598673,-0.10656969849135814,0.00042939706296002205,0.003471062754688024,0.025435685877951406,-0.032086734851796146,-0.0007586873129772885
327,-0.08196056049813016,0.03928368535568438,0.002623748105935575,-0.10630930555967485,0.00010506370450179424,0.0034634584355383476,0.02596811788156632,-0.03176893632464517,-0.0007744061173112729
328,-0.08303575444355482,0.03928296441963619,0.002658954243879519,-0.10604384410425642,-0.0002139238976140427,0.0034553810308124706,0.02650034800118474,-0.031426278731038544,-0.0007946553225265383
329,-0.08410794834124136,0.0392793533967577,0.0026937195718095275,-0.10577267351265086,-0.0005313184398017363,0.003447366665257185,0.02703230561586,-0.031101216797462285,-0.000810084519778123
330,-0.085177651082186,0.039272205221230205,0.002728763418850977,-0.10549643991553526,-0.000843723537762654,0.0034389768192869636,0.027564300510202953,-0.030750364097861985,-0.0008306177208891827
331,-0.08624425124953095,0.039262267995118005,0.0027633588524000885,-0.10521449642731925,-0.0011540133127834415,0.003430546656409179,0.028095655765278428,-0.030417988880164597,-0.0008458277875624584
332,-0.08730824463483922,0.03924883645164634,0.0027982319886432627,-0.10492750288628837,-0.001459687812585987,0.003421848806588824,0.02862722396874533,-0.03005952681693483,-0.0008665596991350979
333,-0.08836903318297828,0.03923270931691314,0.002832651290733512,-0.10463479514195216,-0.0017627187308263718,0.0034129988225016935,0.029157855455200322,-0.02971980448013473,-0.000881626641697367
334,-0.08942709923646375,0.03921314139734711,0.002867345214798922,-0.10433705631332056,-0.0020615138533087154,0.003403995867094452,0.029688797681725478,-0.02935430728573542,-0.0009024676642493673
335,-0.09048185857332303,0.03919096366138364,0.002901582207042175,-0.10403359698889722,-0.002357143453362514,0.003394723852300644,0.03021858886069638,-0.029007228658080707,-0.0009174703704344021
336,-0.09153377957548892,0.039165409242416516,0.00293608837280801,-0.10372512988889146,-0.0026489102336348497,0.0033854170920931555,0.030748699980187862,-0.028635250632737235,-0.0009383292570011324
337,-0.09258229245357308,0.03913732322915253,0.0029701369031570612,-0.10341093581429842,-0.002937007278675443,0.003375722684846371,0.03127753725905514,-0.02828083860299594,-0.0009533468425098491
338,-0.09362785102572846,0.03910593484502334,0.003004446757176149,-0.1030917597593956,-0.0032215972153455175,0.003366111818532331,0.03180660844819012,-0.02790290701793579,-0.000974133341926186
339,-0.09466990058870084,0.039072085885541785,0.003038300667482341,-0.10276685199322257,-0.003502041145788643,0.0033559964846723656,0.032334379104239204,-0.02754122254159929,-0.000989242538551315
340,-0.09570887977859122,0.03903501851182112,0.0030724056859907645,-0.10243698858253475,-0.0037793069718129032,0.003346079657126667,0.032862200123565624,-0.027157831992397585,-0.0010098699588637244
341,-0.09674424960749717,0.038995554919362574,0.003106058780539156,-0.10210139244072036,-0.004051987243634694,0.003335546618005375,0.033388790147636384,-0.026788978595791532,-0.0010251426526069608
342,-0.0977764329755158,0.038952965770137515,0.0031399505050053733,-0.10176086558204511,-0.004321783788377682,0.003325320518411376,0.03391515165481175,-0.026400586926037074,-0.0010455302290077277
343,-0.09880490713553358,0.038908038797647926,0.0031733965210369863,-0.10141461061971042,-0.004586599128886945,0.0033143746308679687,0.03444044361485382,-0.026024713535063557,-0.0010610311942162447
344,-0.09983007884056494,0.038860087137777555,0.0032070665912804497,-0.10106344659884432,-0.004848784237462719,0.003303834636728497,0.034965139413052404,-0.025631739420231815,-0.001081106229822905
345,-0.10085144192916018,0.038809850916839306,0.0032402991724307384,-0.10070656654659611,-0.005105641852146639,0.003292482229714055,0.03548901041636222,-0.025249041592799584,-0.0010968911516692247
346,-0.10186938681313351,0.038756697890271585,0.0032737393564321593,-0.10034479413791299,-0.0053600773297169104,0.0032816225909071952,0.036011839570276524,-0.024851863738306647,-0.0011165908493840737
347,-0.10288342401045292,0.03870130935091254,0.003306752029896609,-0.09997732679529801,-0.005608892092847349,0.0032698712650140274,0.03653415939779565,-0.024462583271209794,-0.0011327046677197406
348,-0.1038939276807383,0.038643117825391426,0.0033399542495486934,-0.09960497741010763,-0.005855444640958909,0.0032586853213858705,0.037054928135619815,-0.024061541141257223,-0.001151977596854602
349,-0.1049004248030076,0.03858273659693312,0.003372740407654673,-0.09922696450055171,-0.006096138300957807,0.0032465437186777217,0.03757555763059627,-0.023665964197162444,-0.0011684532369586318
350,-0.10590327371187447,0.03851967102479703,0.0034056967598519172,-0.09884407236808805,-0.006334680415951448,0.003235024143337458,0.03809408096348917,-0.023261360203438778,-0.0011872604278561436
351,-0.10690201726846138,0.038454459318510104,0.0034382496465572565,-0.09845555936104106,-0.006567180845077443,0.0032225016950136348,0.03861287074029565,-0.022859814087397318,-0.0012041179137454886
352,-0.10789699878893555,0.03838668561268421,0.0034709524191759433,-0.09806216173559706,-0.006797591651221244,0.003210640755584112,0.03912897372878423,-0.022451916986383966,-0.0012224335221870603
353,-0.10888777604360722,0.03831680808757287,0.003503265121857835,-0.09766319764303318,-0.007021832164051718,0.003197747416189347,0.039645763252388264,-0.02204476574081322,-0.0012396795396345832
354,-0.10987467854120697,0.038244493511362165,0.0035357068043537776,-0.0972593350297362,-0.007243998157472712,0.0031855372449065117,0.040159281891843715,-0.021633815115153082,-0.001257491096196252
355,-0.11085727757795938,0.03817011712488405,0.0035677722510671916,-0.09684997218472334,-0.007459916920133568,0.0031722832214913727,0.040673898960543166,-0.02122145425276681,-0.0012751189469748679
356,-0.11183589047794762,0.03809343019372946,0.003599945539588978,-0.0964356885757852,-0.00767373260609124,0.0031597160862302707,0.04118468063183348,-0.02080766574801069,-0.001292427189436284
357,-0.11281010027161903,0.0380147240396107,0.0036317565018133546,-0.09601598240192871,-0.007881272151530784,0.003146111570905288,0.041696941313504356,-0.020390516265108998,-0.001310417183086553
358,-0.11378021412158668,0.03793383443266096,0.00366365429889981,-0.09559132551418674,-0.008086640560459697,0.003133180138272768,0.04220484479206388,-0.01997408736578592,-0.0013272354810982465
359,-0.11474582461328131,0.037850969568261394,0.003695203399613378,-0.09516133429488942,-0.00828574742068795,0.0031192350524130484,0.0427145537929079,-0.0195525893591755,-0.0013455556935556966
360,-0.11570723114105819,0.03776604804739203,0.003726818808711174,-0.09472635579988035,-0.008482580494983,0.003105932635478265,0.043219448814734725,-0.01913370546809706,-0.0013619091072592576
361,-0.11666403331822889,0.03767919731323799,0.003758098535481813,-0.09428614045639104,-0.008673204956416915,0.0030916563929910485,0.04372640030086012,-0.018708311666455243,-0.0013805165163578552
362,-0.1176165254853001,0.03759041564702459,0.003789424850669243,-0.09384089619378794,-0.00886142380622872,0.0030779771760220185,0.04422816669152827,-0.018287152080595864,-0.0013964405144092026
363,-0.1185643114661531,0.03749975348116186,0.003820427573296259,-0.09339052008088759,-0.009043519786048981,0.003063378472574262,0.044732145529901575,-0.017858321471137573,-0.0014152824207505185
364,-0.11950768351693808,0.0374072843713571,0.0038514582647388718,-0.09293507024680743,-0.009223054816019255,0.0030493177070018205,0.04523067192475213,-0.017435065224848813,-0.0014308213286812164
365,-0.12044624663865094,0.03731298662113747,0.003882176256863046,-0.09247459897441136,-0.00939657985685217,0.0030344043406684675,0.045731455302802475,-0.017003257055245576,-0.0014498370461649875
366,-0.12138029414616991,0.03721700362925584,0.003912904952637408,-0.09200900827692568,-0.009567370771387978,0.0030199585068169795,0.046226637521526344,-0.016578088140758698,-0.0014650422567589684
367,-0.12230942905625869,0.03711924736301686,0.00394333041662609,-0.09153850956460045,-0.009732286141702533,0.0030047372349690984,0.04672399691328809,-0.016143756558932198,-0.001484164991823022
368,-0.12323394896485307,0.037019924834886364,0.0039737508816455325,-0.0910628473394316,-0.009894281841706355,0.0029899041657325633,0.04721573600622884,-0.015716868558801507,-0.0014990930187319194
369,-0.12415345171488218,0.03691888815572231,0.004003875975982174,-0.09058239091047432,-0.010050552730018264,0.002974380601339777,0.047709439400438564,-0.015280457983729104,-0.0015182518846937366
370,-0.12506824238079017,0.036816401142103494,0.004033982088822663,-0.09009673119157272,-0.01020371111587687,0.002959159565067515,0.04819763947979507,-0.014852057771914607,-0.0015329623150645592
371,-0.12597791052151153,0.0367122630056258,0.004063798957174791,-0.08960638871100847,-0.010351306899899534,0.0029433381144597197,0.0486874538153741,-0.014413999220162359,-0.0015520844062973883
372,-0.1268827717521881,0.03660678717738053,0.004093584685640472,-0.08911081025181139,-0.010495594600085157,0.002927729855839993,0.04917201971136073,-0.013984309731207052,-0.001566637827950006
373,-0.1277824044291107,0.036499727214974076,0.004123085486755551,-0.08861065531185341,-0.010634489171956477,0.002911613698443732,0.0496577134285151,-0.013545018129517871,-0.001585650293788339
374,-0.12867713752225313,0.03639143877164841,0.004152544863033958,-0.08810524155488396,-0.010769881217207894,0.002895620437390779,0.050138548272690604,-0.013114280088066364,-0.0016001062513627817
375,-0.1295665355705971,0.036281637120325616,0.004181721800612714,-0.08759534970933143,-0.010900053343739821,0.0028792115468536357,0.050619893901493324,-0.012674152649431145,-0.0016189383071948862
376,-0.1304509433538671,0.03617071269143768,0.004210848896857744,-0.08708018870337872,-0.011026532808358875,0.0028628369366700828,0.051096896722688,-0.012242625203230849,-0.0016333533468322092
377,-0.13132990939184053,0.03605834983095635,0.0042396942485802835,-0.086560637550697,-0.011147966504105246,0.0028461361415802835,0.0515736734154978,-0.011802040894063913,-0.0016519381622746511
378,-0.1322037962642687,0.03594496636972955,0.004268483153724745,-0.08603582181671489,-0.01126552413646367,0.002829385188884021,0.05204673682250188,-0.011370001231673373,-0.0016663640471376688
379,-0.133072134783629,0.03583022296719296,0.004296989298655185,-0.08550669113004133,-0.011378209029046632,0.0028123922696257457,0.052518732750999136,-0.010929321196880707,-0.0016846404422515683
380,-0.13393530675965204,0.03571455763689135,0.004325434097184666,-0.08497231747850716,-0.011486842890700504,0.002795271219928427,0.05298774080654527,-0.01049706319665273,-0.0016991225654187658
381,-0.13479282421256877,0.035597614398656274,0.004353593540858736,-0.08443368937870879,-0.01159077455877885,0.0027779850376760157,0.05345475533513679,-0.010056632124186985,-0.001717036488705999
382,-0.1356450889695709,0.03547984445207608,0.004381688294197605,-0.08388985868297064,-0.01169048969121529,0.0027605012310321303,0.053919581683830396,-0.009624464144990874,-0.0017316125189057454
383,-0.13649159385089893,0.035360881982409165,0.004409493690787136,-0.08334181784961123,-0.011785669957714915,0.0027429198841681744,0.0543814272402272,-0.009184612435599534,-0.0017491182680972682
384,-0.13733276078102552,0.035241184635432354,0.004437232421852011,-0.08278863478135604,-0.01187647809303618,0.0027250815861031607,0.05484193357450671,-0.008752854396567887,-0.0017638170984057878
385,-0.1381680637052214,0.03512038330102518,0.004464676592905725,-0.08223126869472747,-0.011962915259245414,0.002707202587925457,0.05529843716440199,-0.008313900915102913,-0.001780878232330232
386,-0.13899794397209375,0.034998935601432635,0.0044920532742575014,-0.0816688414287769,-0.012044834586567015,0.0026890188018984735,0.05575447207888535,-0.007882880870708287,-0.0017957192193784922
387,-0.13982185774415412,0.0348764754006472,0.004519129223644169,-0.08110224063513004,-0.012122543596877257,0.0026708392737330427,0.05620547636623231,-0.007445136142539328,-0.0018123091641599348
388,-0.14064026434495513,0.03475345409359587,0.0045461377695505956,-0.08053068053236069,-0.012195598593453436,0.0026523195413242348,0.05665687466582391,-0.007015186476464804,-0.0018273016843829207
389,-0.14145260402493443,0.03462951452912977,0.004572838694355985,-0.0799549389231471,-0.01226460112302567,0.0026338364146242885,0.05710223859919687,-0.006578956165466987,-0.001843404022325498
390,-0.14225935185814886,0.0345050959208546,0.004599472956946737,-0.07937436020072695,-0.012328822455804142,0.0026149906098721434,0.0575488210736986,-0.006150409708665776,-0.0018585473642057948
391,-0.14305993481899915,0.034379855874399734,0.004625792254205896,-0.0787895752964047,-0.012389146919626151,0.002596200830499121,0.05798842001869325,-0.005715998043225754,-0.0018741557985969988
392,-0.14385484075790106,0.03425421569573217,0.004652046023764345,-0.07820009469534842,-0.012444571416179464,0.002577038954950554,0.05842999372802555,-0.005289184224471468,-0.0018894393397318931
393,-0.14464348673657995,0.0341278533032221,0.004677977293043645,-0.07760636792341219,-0.012496252900171699,0.0025579396838695504,0.05886371909227429,-0.0048568973135687974,-0.0019045573607433311
394,-0.14542636970835016,0.034001166574503694,0.004703844302362703,-0.07700810438372986,-0.012542923586779232,0.0025384716683955017,0.05930007814189774,-0.00443213862190368,-0.001919961077115828
395,-0.14620290085035048,0.03387385910058982,0.004729381344328654,-0.07640554134103876,-0.012586003707265248,0.002519060472057955,0.05972783650828153,-0.00400228736128715,-0.0019346013247406974
396,-0.1469735819205062,0.03374629999943157,0.004754855276921877,-0.07579861569443716,-0.012623969905845297,0.0024992959915695026,0.06015876332494181,-0.0035798962384127413,-0.0019500965485343264
397,-0.14773782281816283,0.03361822370999645,0.004779992088157936,-0.07518732638370869,-0.012658496606093106,0.0024795710169501347,0.06058047510490267,-0.0031527987066909844,-0.0019642799429549877
398,-0.1484961252797763,0.03348996544315819,0.004805066590015117,-0.07457186107356288,-0.01268781407965579,0.002459519322724664,0.06100574215843496,-0.002733075094019956,-0.0019798303675585887
399,-0.14924790300490248,0.03336129547488342,0.0048297973544431105,-0.07395196010500038,-0.01271384137674701,0.0024394794520070733,0.06142133980682306,-0.002309058222616607,-0.0019935849890752584
400,-0.14999365247190255,0.03323251015527906,0.00485446604891826,-0.07332807894247471,-0.012734572508663776,0.00241914922669589,0.06184071175431211,-0.0018922878133438826,-0.0020091478803953905
401,-0.1507327966034876,0.03310342038158298,0.004878785126283702,-0.07269968569197556,-0.012752160204967224,0.0023987942074290666,0.06225013759598157,-0.0014716883335620192,-0.0020225077009865477
402,-0.15146582110716506,0.032974278911128474,0.004903041631618699,-0.07206751365615609,-0.012764374197418406,0.0023781934457509125,0.06266337377884447,-0.0010581416678361814,-0.002038035254420513
403,-0.15219216375502476,0.03284494180408526,0.004926943543560158,-0.07143075237295396,-0.012773587573740907,0.0023575239935270513,0.06306657751806885,-0.0006413061325188106,-0.002051038704690536
404,-0.15291229384271737,0.03271561376276022,0.0049507814924876214,-0.0707904154614152,-0.012777360646601912,0.002336659911980929,0.06347343473569987,-0.00023123861801814817,-0.002066479525829951
405,-0.15362566966811841,0.03258620025099157,0.004974260906777772,-0.07014541531955604,-0.012778270155755774,0.0023156777831289947,0.06387037071853766,0.0001814774469668968,-0.002079167998331655
406,-0.15433273850293838,0.032456853792106166,0.004997673967595984,-0.0694970404543648,-0.012773685728300833,0.002294556760014713,0.06427060621015684,0.0005878246865200577,-0.002094468641605313
407,-0.1550329847373193,0.03232753311499348,0.00502072568116807,-0.06884393554380036,-0.012766366705853743,0.002273264793136487,0.06466123052572212,0.0009960584695610903,-0.002106884942179489
408,-0.15572682819770034,0.03219833486631263,0.0050437075796569975,-0.06818765053621893,-0.01275351554429222,0.0022518923399355785,0.06505460506173588,0.001398456849178963,-0.0021219914481425176
409,-0.15641378466067773,0.03206927442522156,0.0050663265010517655,-0.06752657979130021,-0.012738047954657869,0.002230294466311601,0.06543887258119863,0.001801840821206819,-0.002134178274061345
410,-0.15709424143847417,0.031940389395230806,0.005088871042599807,-0.06686251336644966,-0.012717028267662783,0.0022086752298858363,0.06582515357270957,0.002200071788080323,-0.0021490376961251644
411,-0.15776775055634834,0.03181175460280139,0.005111052174456954,-0.06619362043145284,-0.012693496500949242,0.0021867764529650666,0.06620301501211562,0.0025982369276800676,-0.002161036149973799
412,-0.1584346622522111,0.031683346091086584,0.00513315326577235,-0.06552190231245432,-0.012664413969877261,0.002164914247848867,0.06658197953703625,0.0029920887728884893,-0.00217559798150235
413,-0.15909456907817554,0.031555300219911375,0.005154891687975893,-0.06484533534582786,-0.01263290670329825,0.002142720593839644,0.06695337865239673,0.003384668424413436,-0.002187446210686015
414,-0.1597477802929641,0.031427529730344794,0.005176543357797603,-0.06416609639474329,-0.012595874434282889,0.002120618462082475,0.06732481631437578,0.0037739326219118356,-0.0022016637024400224
415,-0.1603939325301691,0.03130023376261715,0.005197834211833063,-0.06348200781546175,-0.012556484567704536,0.0020981369038652335,0.06768968730102377,0.004160566754300264,-0.0022133956572775904
416,-0.1610332909512272,0.031173260917848777,0.005219030630100874,-0.06279538022689755,-0.012511622957508309,0.002075797200022604,0.06805340282711153,0.004545033902996668,-0.0022272269669970303
417,-0.16166553897976377,0.031046873397727603,0.005239869105133521,-0.06210392640821274,-0.012464447631168853,0.0020530355577835437,0.06841166803867826,0.004925373626877482,-0.0022388713472529026
418,-0.1622908954609935,0.030920855853317608,0.0052606046001459905,-0.06141004394911432,-0.01241188414156404,0.0020304600552407326,0.06876748351513612,0.005304829283869669,-0.0022522805219194132
419,-0.16290909236973333,0.03079553274386093,0.005280985921252146,-0.06071138486703123,-0.012357024838170493,0.0020074268772146756,0.06911905155358156,0.005678541389788582,-0.0022638599020268894
420,-0.1635203010045509,0.030670626100344656,0.005301254994409588,-0.06001038315515429,-0.012296893678420821,0.001984616892224688,0.0694668082628848,0.006052761963164935,-0.0022768176291805184
421,-0.1641243026286252,0.03054652064687291,0.005321174413319696,-0.059304681999707815,-0.012234456408416403,0.00196132132022377,0.0698115725232437,0.006419533304942266,-0.002288347829843077
422,-0.16472122081504498,0.030422878358074223,0.005340971751144119,-0.05859669881155861,-0.01216689812899574,0.0019382778486703657,0.07015113227980314,0.00678828218213057,-0.002300831977176821
423,-0.16531088577955927,0.030300140959760746,0.005360424539755271,-0.0578841215710418,-0.012096993694228259,0.0019147294726859394,0.07048897000555657,0.007147823680094938,-0.002312321634883845
424,-0.16589337427685857,0.0301779142357661,0.005379745022966009,-0.05716929716894609,-0.012022154699473818,0.0018914533355639679,0.07082021597214713,0.007510847867377911,-0.0023243175569975304
425,-0.16646856404723043,0.0300566923270964,0.005398726469800441,-0.05645001219760582,-0.011944899024913856,0.0018676620421567394,0.07115098784504403,0.007862897951698707,-0.002335767955891758
426,-0.1670364870238601,0.029936030030511596,0.005417565179319683,-0.055728489665083945,-0.011862931015951919,0.0018441540344571598,0.0714738247862241,0.008219925305035507,-0.002347268558187853
427,-0.16759706596294838,0.029816467974023375,0.005436070588998199,-0.05500266724568478,-0.011778445537486887,0.0018201298538534354,0.07179737508967639,0.008564252600428571,-0.002358673673384539
428,-0.1681502910355852,0.029697516508377486,0.005454422808860215,-0.054274592819518,-0.01168950490079324,0.0017963908925711228,0.07211172905542015,0.008914989939446559,-0.002369679252870104
429,-0.16869612646754362,0.029579755499782312,0.005472447504572764,-0.053542404732312525,-0.011597916991213094,0.0017721438489828158,0.0724278864109276,0.009251395093785092,-0.0023810260369050767
430,-0.16923452473141454,0.02946265868930542,0.005490308721802117,-0.052807928119696715,-0.011502164150144092,0.001748175115323795,0.07273370383829704,0.00959552720056537,-0.0023915439028783293
431,-0.16976548701196748,0.029346836675741894,0.005507848050658071,-0.05206954722958701,-0.011403607565401645,0.0017237150849495296,0.07304228249459889,0.009923843654877942,-0.0024028127570747296
432,-0.17028893306281367,0.029231735636106038,0.005525213952272345,-0.05132882189918109,-0.011301206316132814,0.0016995181569930318,0.07333952877522878,0.01026103335409547,-0.002412856661477888
433,-0.1708048956554259,0.029117987247840205,0.00554226329333718,-0.05058442177188863,-0.011195821639981212,0.0016748547375546024,0.0736403304361037,0.01058112708806597,-0.0024240221220135855
434,-0.17131326760369442,0.029005020247896418,0.005559129760707826,-0.04983760520784999,-0.011086938492599478,0.0016504317090222567,0.07392898795926192,0.010911016396572822,-0.0024336115032425774
435,-0.17181410716088485,0.028893476743365065,0.00557568453544488,-0.04908735976571357,-0.010974873557950612,0.0016255741046139402,0.07422180408864701,0.011222784521209003,-0.002444643056633546
436,-0.17230728663895012,0.028782779058347918,0.005592047636326258,-0.048334613675054885,-0.010859677106044996,0.0016009276871254273,0.07450186983363324,0.011544996926080688,-0.00245380214905824
437,-0.17279288308780472,0.028673568281967654,0.00560810332110917,-0.0475786969015825,-0.010741087370197478,0.0015758846110955108,0.07478648438175577,0.011848365207481629,-0.002464665204132583
438,-0.17327075525120716,0.02856527203910142,0.0056239592997009424,-0.04682018736632433,-0.010619747710593493,0.0015510182167417425,0.07505796712205608,0.012162508968562915,-0.002473422030655275
439,-0.17374099188197278,0.028458518390828136,0.0056395114399981905,-0.046058773067360864,-0.01049479656358408,0.0015257978149747415,0.07533415960447876,0.012457428281703495,-0.0024840789703968686
440,-0.17420344540582122,0.02835275240868884,0.005654856705454181,-0.045294670634333636,-0.010367484787888997,0.001500715617591206,0.0755970768027284,0.012763100792224787,-0.0024924642434989964
441,-0.17465820896231804,0.028248576823873384,0.005669900931254412,-0.044527932262105614,-0.010236343772541527,0.0014753254140438868,0.07586462562915572,0.013049542639045382,-0.0025028755548656117
442,-0.17510513603412886,0.028145466447294876,0.00568473204508857,-0.04375841196534323,-0.010103231549448328,0.0014500323876051773,0.07611900011862083,0.013346335596307074,-0.002510921547331114
443,-0.17554431680461624,0.028043986384997055,0.005699264087103417,-0.04298652250970354,-0.00996608047671631,0.0014244792527104318,0.07637768609078799,0.013624286845683327,-0.002521046968671121
444,-0.17597561311495036,0.02794365331764137,0.005713577749955956,-0.042211763822004776,-0.00982733974082324,0.001398981186489587,0.07662354264326635,0.013911792150044486,-0.0025287863596718673
445,-0.17639910502201184,0.027844982755245384,0.005727593456129831,-0.0414348957711774,-0.009684366685677908,0.0013732713289270765,0.0768731525125269,0.014181249124178874,-0.0025385860229965754
446,-0.1768146697543167,0.027747544892256393,0.005741386494366729,-0.04065508248362611,-0.009540169446058618,0.0013475748195239065,0.07711051438635373,0.014459065290294964,-0.00254605078614347
447,-0.17722237044230527,0.027651794323962697,0.0057548818462251905,-0.039873407854853736,-0.009391570613549435,0.0013217138005076712,0.07735084437119508,0.014720027450404991,-0.0025554863279932654
448,-0.1776221062633775,0.027557365587332017,0.0057681511988270096,-0.039088727885109406,-0.009242088890187917,0.0012958262213820428,0.07757972995860773,0.014987766334695032,-0.0025627066367147834
449,-0.17801391718197873,0.027464642023936392,0.005781122327208177,-0.03830241832319193,-0.009088068345271861,0.0012698189911141968,0.0778105891094692,0.015240229780430834,-0.0025717422307798008
450,-0.17839773023442212,0.02737333220334026,0.005793865033397072,-0.037513063455642655,-0.008933474237134193,0.0012437484412087519,0.07803100877322633,0.015497523327497625,-0.002578745505300244
451,-0.1787735567169555,0.027283739170634425,0.005806308233142654,-0.036722290395534096,-0.008774243497890034,0.0012175993946318669,0.07825222209946556,0.015741474322890733,-0.002587348792158254
452,-0.1791413566149317,0.02719565377250799,0.005818521421138367,-0.03592845595812848,-0.008614709382095655,0.0011913546281675472,0.07846417530592886,0.01598798118306558,-0.0025941588022493633
453,-0.1795011079501076,0.027109291305646988,0.005830433164363047,-0.03513339084558904,-0.008450486878932956,0.0011650676788863173,0.07867558654811385,0.016223390010622014,-0.0026023017097224995
454,-0.17985280777955487,0.027024531413209596,0.005842114041635815,-0.03433527533052917,-0.00828618573438056,0.0011386580185456666,0.07887905937341853,0.01645880169020442,-0.002608937849648783
455,-0.1801963972755508,0.02694149604452578,0.005853490989238597,-0.03353608989327731,-0.008117196144706317,0.0011122366874309294,0.07908053336841928,0.016685617019411465,-0.0026165972536917356
456,-0.18053191359989373,0.026860158191279293,0.005864636834556292,-0.03273389452981868,-0.007948301989737477,0.001085671924158409,0.07927549647668594,0.016909663375706697,-0.0026230739517160155
457,-0.18085925863977964,0.026780542929233597,0.0058754758457028045,-0.03193076108962442,-0.007774775461348256,0.00105911943990868,0.07946692100415385,0.01712780739937315,-0.00263023219245566
458,-0.18117851151195863,0.02670271898818699,0.005886084003214442,-0.031124689379484566,-0.007601463889900171,0.0010324097222611818,0.07965332813849237,0.01734026130075143,-0.0026365584849574234
459,-0.1814895335997142,0.02662661328546312,0.005896382142578593,-0.03031778119481995,-0.007423635170008039,0.0010057291305882923,0.07983461522991245,0.01754962582382788,-0.002643203700791942
460,-0.18179244658115373,0.026552390375994328,0.005906450018108855,-0.02950803842107884,-0.0072460839669676565,0.000978884847320145,0.0800124022899954,0.017750306689984556,-0.0026493829894092564
461,-0.18208707137774105,0.026479880085132024,0.005916204560736826,-0.028697530048447543,-0.007064191459535852,0.0009520791250527548,0.08018348892544673,0.017950750368507115,-0.00265550928378698
462,-0.1823735715646348,0.026409340498938727,0.005925729620391174,-0.027884322770338543,-0.006882581272005387,0.0009251107843234586,0.08035257364329038,0.01813952654164551,-0.0026615392566297223
463,-0.1826517289138404,0.026340507814373915,0.005934938054119376,-0.027070390432170913,-0.0066968660470675305,0.0008981829551060029,0.08051342183808537,0.01833087336439932,-0.002667146694800149
464,-0.18292174697088626,0.02627372896148561,0.00594391782523207,-0.026253925978117314,-0.006511381086376301,0.0008711010637537556,0.08067370408575376,0.01850766314347617,-0.0026730194217522104
465,-0.18318337091489728,0.026208652347374795,0.00595257785066039,-0.0254367479244344,-0.006322085868412138,0.0008440543118155207,0.08082430034028427,0.0186897022955396,-0.0026781138385371904
466,-0.18343684111635605,0.026145706722650264,0.005961009925046334,-0.024617233896226557,-0.006132914614891624,0.0008168692585233775,0.08097566305001348,0.01885447356480293,-0.002683816050665134
467,-0.18368186990129587,0.02608446082642324,0.005969119453145488,-0.023796990747671627,-0.005940282778724879,0.0007897070367895517,0.08111601719556585,0.0190269606480656,-0.0026884087147353124
468,-0.1839187301789964,0.026025415996381085,0.005977001492541323,-0.02297463454801635,-0.005747618661768296,0.0007624289820499874,0.08125832788297509,0.019179729133999658,-0.0026939222098641006
469,-0.1841471062508932,0.02596807154852243,0.0059845586400320006,-0.02215150960804138,-0.005551893263761386,0.0007351551120398037,0.08138847132608529,0.019342388793928546,-0.002698029331524771
470,-0.18436729824855924,0.025912990157789917,0.005991888383560129,-0.02132651800366312,-0.005355935288691243,0.0007077938880866108,0.0815215841704449,0.01948321491053515,-0.0027033315501120724
471,-0.18457896824046738,0.025859613858926433,0.005998891466265754,-0.02050069752858987,-0.005157358161823049,0.0006804126481500342,0.08164156762798243,0.01963574481504076,-0.002706973656965609
472,-0.1847824373735132,0.025808553655013,0.006005666739685167,-0.019673276259196477,-0.004958311456186667,0.0006529776715330572,0.08176532604456097,0.019764729244741798,-0.0027120383549026753
473,-0.1849773520847161,0.025759208051938653,0.006012114264114299,-0.018844949676187512,-0.004757122394617027,0.000625493871463255,0.08187521678741101,0.019906805211543793,-0.0027152395627327098
474,-0.18516404760445598,0.025712221926522005,0.006018332990582298,-0.018015303119251404,-0.004555198650652906,0.0005979940703877199,0.08198945643910417,0.02002408333216991,-0.0027200375967751335
475,-0.18534216197288095,0.025666965279262932,0.00602422364403965,-0.017184663183295652,-0.004351634707140587,0.0005704131101285586,0.08208933515261077,0.02015536560466221,-0.002722824774298751
476,-0.18551203703391772,0.02562410132370241,0.006029883856062401,-0.016352994082411035,-0.004147052497158496,0.0005428568687081702,0.08219388730244075,0.0202611009054799,-0.002727324977925993
477,-0.18567331010304977,0.025582987466195473,0.006035216495630991,-0.015520236965421227,-0.003941347413804619,0.0005151847793255572,0.08228384464821809,0.02038124123541554,-0.0027297268741831113
478,-0.1858263218324675,0.025544289038572865,0.006040316347843744,-0.01468674622828462,-0.003734332362141331,0.00048757989950596215,0.0823785397487318,0.020475617978859308,-0.0027338969413096548
479,-0.18597071671417253,0.02550736723586211,0.006045089988595986,-0.013852071535509408,-0.0035267161497327176,0.0004598233662640367,0.08245867272896754,0.020584267417845213,-0.0027359432483444637
480,-0.18610682628106157,0.025472873036540777,0.006049627771010591,-0.013016958105523026,-0.0033175009469299656,0.00043217704872698675,0.0825433441669093,0.020667482757593822,-0.0027397506971713766
481,-0.18623431011580938,0.02544018784168678,0.006053841573832708,-0.012180568816129495,-0.0031081996238914427,0.00040434341464631635,0.08261375238348274,0.02076429976914741,-0.002741471119211573
482,-0.1863534827995882,0.025409931994156976,0.0060578157251571785,-0.0113440296197575,-0.0028970238766047305,0.0003766622585629524,0.08268824025627818,0.020836555600704725,-0.0027448842138419476
483,-0.18646402671560947,0.025381523108185533,0.006061468984568608,-0.010506131950939862,-0.002686259372977172,0.0003487595093160169,0.08274902220182716,0.020921214398111794,-0.002746307536478008
484,-0.18656623197159472,0.025355535241854188,0.006064878105220828,-0.009668361920170501,-0.0024733692850429667,0.00032104953094927273,0.08281317701663463,0.0209827091909765,-0.0027492961960780835
485,-0.18665981104449292,0.025331437380163413,0.00606797023757033,-0.00882916511635301,-0.002261359511859898,0.0002930862613454357,0.08286442647391976,0.021054907814150894,-0.0027504494131112066
486,-0.18674502256520087,0.025309742711739025,0.006070813102013073,-0.007990357284073626,-0.002047007401806411,0.0002653529303337708,0.0829181126666362,0.021105828742888872,-0.002752986070712988
487,-0.1868216157794954,0.025289985480276833,0.006073343634409589,-0.007150073334853627,-0.0018339664798163982,0.0002373382934134977,0.08295991535347112,0.02116529683849619,-0.0027538935497194886
488,-0.18688981155023165,0.025272604890522743,0.006075619202454696,-0.0063104189981658355,-0.0016184101408268632,0.00020958658595195115,0.08300301452277899,0.021205812424437347,-0.002755953939275963
489,-0.18694940176420827,0.02525721267492509,0.006077587762775116,-0.005469262290767353,-0.001404548778221542,0.00018153022614315946,0.08303544505373185,0.021252318235984762,-0.002756636695469667
490,-0.1870005641116197,0.025244162777763757,0.006079295189534095,-0.004628951235827765,-0.0011880506965481717,0.0001537646928686904,0.08306785881366685,0.021282571813608857,-0.0027582005219482664
491,-0.18704313802673378,0.02523315464831999,0.006080701497805707,-0.003787138149790599,-0.0009735766989959625,0.00012567666557370706,0.08309097809183989,0.021315928308942342,-0.0027586755911354595
492,-0.18707725365915295,0.02522444784960909,0.006081840142011963,-0.0029463589294680074,-0.0007564031482920893,9.790151214819734e-05,0.08311263046666434,0.021336032478317342,-0.002759727122907749
493,-0.1871028017950555,0.025217837484567074,0.006082684003426708,-0.002104107382840646,-0.0005415220413100363,6.979219133482514e-05,0.08312648355915922,0.021356102362191355,-0.0027600070400326396
494,-0.18711986183365548,0.02521348202827256,0.006083253433886493,-0.0012630476373950332,-0.0003239420754577144,4.201136958753639e-05,0.0623681082468251,0.015990440163433706,-0.0020745430899057594
